PROVIDER;DESCRIPTION;ACCOUNTID;REGION;ASSESSMENTDATE;REQUIREMENTS_ID;REQUIREMENTS_DESCRIPTION;REQUIREMENTS_ATTRIBUTES_SECTION;REQUIREMENTS_ATTRIBUTES_SUBSECTION;REQUIREMENTS_ATTRIBUTES_SUBGROUP;REQUIREMENTS_ATTRIBUTES_SERVICE;REQUIREMENTS_ATTRIBUTES_TYPE;STATUS;STATUSEXTENDED;RESOURCEID;CHECKID;MUTED;RESOURCENAME;FRAMEWORK;NAME;REQUIREMENTS_ATTRIBUTES_COMMENT
azure;The Reserve Bank had prescribed a set of baseline cyber security controls for primary (Urban) cooperative banks (UCBs) in October 2018. On further examination, it has been decided to prescribe a comprehensive cyber security framework for the UCBs, as a graded approach, based on their digital depth and interconnectedness with the payment systems landscape, digital products offered by them and assessment of cyber security risk. The framework would mandate implementation of progressively stronger security measures based on the nature, variety and scale of digital product offerings of banks.;8eef52e8-b918-4aec-8a36-fb2218e65f77;global;2026-04-28 01:21:11.393465;annex_i_1_1;UCBs should maintain an up-to-date business IT Asset Inventory Register containing the following fields, as a minimum: a) Details of the IT Asset (viz., hardware/software/network devices, key personnel, services, etc.), b. Details of systems where customer data are stored, c. Associated business applications, if any, d. Criticality of the IT asset (For example, High/Medium/Low).;;;;vm;;FAIL;There are no AppInsight configured in subscription Azure for Students.;/subscriptions/8eef52e8-b918-4aec-8a36-fb2218e65f77;appinsights_ensure_is_configured;False;Azure for Students;RBI-Cyber-Security-Framework;Reserve Bank of India (RBI) Cyber Security Framework;
azure;The Reserve Bank had prescribed a set of baseline cyber security controls for primary (Urban) cooperative banks (UCBs) in October 2018. On further examination, it has been decided to prescribe a comprehensive cyber security framework for the UCBs, as a graded approach, based on their digital depth and interconnectedness with the payment systems landscape, digital products offered by them and assessment of cyber security risk. The framework would mandate implementation of progressively stronger security measures based on the nature, variety and scale of digital product offerings of banks.;8eef52e8-b918-4aec-8a36-fb2218e65f77;global;2026-04-28 01:21:11.393465;annex_i_6;Put in place systems and processes to identify, track, manage and monitor the status of patches to servers, operating system and application software running at the systems used by the UCB officials (end-users). Implement and update antivirus protection for all servers and applicable end points preferably through a centralised system.;;;;defender;;FAIL;Container image scan is disabled in subscription Azure for Students.;/subscriptions/8eef52e8-b918-4aec-8a36-fb2218e65f77/providers/Microsoft.Security/pricings/Containers;defender_container_images_scan_enabled;False;Containers;RBI-Cyber-Security-Framework;Reserve Bank of India (RBI) Cyber Security Framework;
azure;The Reserve Bank had prescribed a set of baseline cyber security controls for primary (Urban) cooperative banks (UCBs) in October 2018. On further examination, it has been decided to prescribe a comprehensive cyber security framework for the UCBs, as a graded approach, based on their digital depth and interconnectedness with the payment systems landscape, digital products offered by them and assessment of cyber security risk. The framework would mandate implementation of progressively stronger security measures based on the nature, variety and scale of digital product offerings of banks.;8eef52e8-b918-4aec-8a36-fb2218e65f77;global;2026-04-28 01:21:11.393465;annex_i_6;Put in place systems and processes to identify, track, manage and monitor the status of patches to servers, operating system and application software running at the systems used by the UCB officials (end-users). Implement and update antivirus protection for all servers and applicable end points preferably through a centralised system.;;;;defender;;FAIL;Defender plan Defender for App Services from subscription Azure for Students is set to OFF (pricing tier not standard).;/subscriptions/8eef52e8-b918-4aec-8a36-fb2218e65f77/providers/Microsoft.Security/pricings/AppServices;defender_ensure_defender_for_app_services_is_on;False;Defender plan App Services;RBI-Cyber-Security-Framework;Reserve Bank of India (RBI) Cyber Security Framework;
azure;The Reserve Bank had prescribed a set of baseline cyber security controls for primary (Urban) cooperative banks (UCBs) in October 2018. On further examination, it has been decided to prescribe a comprehensive cyber security framework for the UCBs, as a graded approach, based on their digital depth and interconnectedness with the payment systems landscape, digital products offered by them and assessment of cyber security risk. The framework would mandate implementation of progressively stronger security measures based on the nature, variety and scale of digital product offerings of banks.;8eef52e8-b918-4aec-8a36-fb2218e65f77;global;2026-04-28 01:21:11.393465;annex_i_6;Put in place systems and processes to identify, track, manage and monitor the status of patches to servers, operating system and application software running at the systems used by the UCB officials (end-users). Implement and update antivirus protection for all servers and applicable end points preferably through a centralised system.;;;;defender;;FAIL;Defender plan Defender for ARM from subscription Azure for Students is set to OFF (pricing tier not standard).;/subscriptions/8eef52e8-b918-4aec-8a36-fb2218e65f77/providers/Microsoft.Security/pricings/Arm;defender_ensure_defender_for_arm_is_on;False;Defender plan ARM;RBI-Cyber-Security-Framework;Reserve Bank of India (RBI) Cyber Security Framework;
azure;The Reserve Bank had prescribed a set of baseline cyber security controls for primary (Urban) cooperative banks (UCBs) in October 2018. On further examination, it has been decided to prescribe a comprehensive cyber security framework for the UCBs, as a graded approach, based on their digital depth and interconnectedness with the payment systems landscape, digital products offered by them and assessment of cyber security risk. The framework would mandate implementation of progressively stronger security measures based on the nature, variety and scale of digital product offerings of banks.;8eef52e8-b918-4aec-8a36-fb2218e65f77;global;2026-04-28 01:21:11.393465;annex_i_6;Put in place systems and processes to identify, track, manage and monitor the status of patches to servers, operating system and application software running at the systems used by the UCB officials (end-users). Implement and update antivirus protection for all servers and applicable end points preferably through a centralised system.;;;;defender;;FAIL;Defender plan Defender for Azure SQL DB Servers from subscription Azure for Students is set to OFF (pricing tier not standard).;/subscriptions/8eef52e8-b918-4aec-8a36-fb2218e65f77/providers/Microsoft.Security/pricings/SqlServers;defender_ensure_defender_for_azure_sql_databases_is_on;False;SqlServers;RBI-Cyber-Security-Framework;Reserve Bank of India (RBI) Cyber Security Framework;
azure;The Reserve Bank had prescribed a set of baseline cyber security controls for primary (Urban) cooperative banks (UCBs) in October 2018. On further examination, it has been decided to prescribe a comprehensive cyber security framework for the UCBs, as a graded approach, based on their digital depth and interconnectedness with the payment systems landscape, digital products offered by them and assessment of cyber security risk. The framework would mandate implementation of progressively stronger security measures based on the nature, variety and scale of digital product offerings of banks.;8eef52e8-b918-4aec-8a36-fb2218e65f77;global;2026-04-28 01:21:11.393465;annex_i_6;Put in place systems and processes to identify, track, manage and monitor the status of patches to servers, operating system and application software running at the systems used by the UCB officials (end-users). Implement and update antivirus protection for all servers and applicable end points preferably through a centralised system.;;;;defender;;FAIL;Defender plan Defender for Containers from subscription Azure for Students is set to OFF (pricing tier not standard).;/subscriptions/8eef52e8-b918-4aec-8a36-fb2218e65f77/providers/Microsoft.Security/pricings/Containers;defender_ensure_defender_for_containers_is_on;False;Containers;RBI-Cyber-Security-Framework;Reserve Bank of India (RBI) Cyber Security Framework;
azure;The Reserve Bank had prescribed a set of baseline cyber security controls for primary (Urban) cooperative banks (UCBs) in October 2018. On further examination, it has been decided to prescribe a comprehensive cyber security framework for the UCBs, as a graded approach, based on their digital depth and interconnectedness with the payment systems landscape, digital products offered by them and assessment of cyber security risk. The framework would mandate implementation of progressively stronger security measures based on the nature, variety and scale of digital product offerings of banks.;8eef52e8-b918-4aec-8a36-fb2218e65f77;global;2026-04-28 01:21:11.393465;annex_i_6;Put in place systems and processes to identify, track, manage and monitor the status of patches to servers, operating system and application software running at the systems used by the UCB officials (end-users). Implement and update antivirus protection for all servers and applicable end points preferably through a centralised system.;;;;defender;;FAIL;Defender plan Defender for Cosmos DB from subscription Azure for Students is set to OFF (pricing tier not standard).;/subscriptions/8eef52e8-b918-4aec-8a36-fb2218e65f77/providers/Microsoft.Security/pricings/CosmosDbs;defender_ensure_defender_for_cosmosdb_is_on;False;Defender plan Cosmos DB;RBI-Cyber-Security-Framework;Reserve Bank of India (RBI) Cyber Security Framework;
azure;The Reserve Bank had prescribed a set of baseline cyber security controls for primary (Urban) cooperative banks (UCBs) in October 2018. On further examination, it has been decided to prescribe a comprehensive cyber security framework for the UCBs, as a graded approach, based on their digital depth and interconnectedness with the payment systems landscape, digital products offered by them and assessment of cyber security risk. The framework would mandate implementation of progressively stronger security measures based on the nature, variety and scale of digital product offerings of banks.;8eef52e8-b918-4aec-8a36-fb2218e65f77;global;2026-04-28 01:21:11.393465;annex_i_6;Put in place systems and processes to identify, track, manage and monitor the status of patches to servers, operating system and application software running at the systems used by the UCB officials (end-users). Implement and update antivirus protection for all servers and applicable end points preferably through a centralised system.;;;;defender;;FAIL;Defender plan Defender for Databases from subscription Azure for Students is set to OFF (pricing tier not standard).;/subscriptions/8eef52e8-b918-4aec-8a36-fb2218e65f77/providers/Microsoft.Security/pricings/SqlServers;defender_ensure_defender_for_databases_is_on;False;SqlServers;RBI-Cyber-Security-Framework;Reserve Bank of India (RBI) Cyber Security Framework;
azure;The Reserve Bank had prescribed a set of baseline cyber security controls for primary (Urban) cooperative banks (UCBs) in October 2018. On further examination, it has been decided to prescribe a comprehensive cyber security framework for the UCBs, as a graded approach, based on their digital depth and interconnectedness with the payment systems landscape, digital products offered by them and assessment of cyber security risk. The framework would mandate implementation of progressively stronger security measures based on the nature, variety and scale of digital product offerings of banks.;8eef52e8-b918-4aec-8a36-fb2218e65f77;global;2026-04-28 01:21:11.393465;annex_i_6;Put in place systems and processes to identify, track, manage and monitor the status of patches to servers, operating system and application software running at the systems used by the UCB officials (end-users). Implement and update antivirus protection for all servers and applicable end points preferably through a centralised system.;;;;defender;;FAIL;Defender plan Defender for DNS from subscription Azure for Students is set to OFF (pricing tier not standard).;/subscriptions/8eef52e8-b918-4aec-8a36-fb2218e65f77/providers/Microsoft.Security/pricings/Dns;defender_ensure_defender_for_dns_is_on;False;Defender plan DNS;RBI-Cyber-Security-Framework;Reserve Bank of India (RBI) Cyber Security Framework;
azure;The Reserve Bank had prescribed a set of baseline cyber security controls for primary (Urban) cooperative banks (UCBs) in October 2018. On further examination, it has been decided to prescribe a comprehensive cyber security framework for the UCBs, as a graded approach, based on their digital depth and interconnectedness with the payment systems landscape, digital products offered by them and assessment of cyber security risk. The framework would mandate implementation of progressively stronger security measures based on the nature, variety and scale of digital product offerings of banks.;8eef52e8-b918-4aec-8a36-fb2218e65f77;global;2026-04-28 01:21:11.393465;annex_i_6;Put in place systems and processes to identify, track, manage and monitor the status of patches to servers, operating system and application software running at the systems used by the UCB officials (end-users). Implement and update antivirus protection for all servers and applicable end points preferably through a centralised system.;;;;defender;;FAIL;Defender plan Defender for KeyVaults from subscription Azure for Students is set to OFF (pricing tier not standard).;/subscriptions/8eef52e8-b918-4aec-8a36-fb2218e65f77/providers/Microsoft.Security/pricings/KeyVaults;defender_ensure_defender_for_keyvault_is_on;False;Defender plan KeyVaults;RBI-Cyber-Security-Framework;Reserve Bank of India (RBI) Cyber Security Framework;
azure;The Reserve Bank had prescribed a set of baseline cyber security controls for primary (Urban) cooperative banks (UCBs) in October 2018. On further examination, it has been decided to prescribe a comprehensive cyber security framework for the UCBs, as a graded approach, based on their digital depth and interconnectedness with the payment systems landscape, digital products offered by them and assessment of cyber security risk. The framework would mandate implementation of progressively stronger security measures based on the nature, variety and scale of digital product offerings of banks.;8eef52e8-b918-4aec-8a36-fb2218e65f77;global;2026-04-28 01:21:11.393465;annex_i_6;Put in place systems and processes to identify, track, manage and monitor the status of patches to servers, operating system and application software running at the systems used by the UCB officials (end-users). Implement and update antivirus protection for all servers and applicable end points preferably through a centralised system.;;;;defender;;FAIL;Defender plan Defender for Servers from subscription Azure for Students is set to OFF (pricing tier not standard).;/subscriptions/8eef52e8-b918-4aec-8a36-fb2218e65f77/providers/Microsoft.Security/pricings/VirtualMachines;defender_ensure_defender_for_server_is_on;False;Defender plan Servers;RBI-Cyber-Security-Framework;Reserve Bank of India (RBI) Cyber Security Framework;
azure;The Reserve Bank had prescribed a set of baseline cyber security controls for primary (Urban) cooperative banks (UCBs) in October 2018. On further examination, it has been decided to prescribe a comprehensive cyber security framework for the UCBs, as a graded approach, based on their digital depth and interconnectedness with the payment systems landscape, digital products offered by them and assessment of cyber security risk. The framework would mandate implementation of progressively stronger security measures based on the nature, variety and scale of digital product offerings of banks.;8eef52e8-b918-4aec-8a36-fb2218e65f77;global;2026-04-28 01:21:11.393465;annex_i_6;Put in place systems and processes to identify, track, manage and monitor the status of patches to servers, operating system and application software running at the systems used by the UCB officials (end-users). Implement and update antivirus protection for all servers and applicable end points preferably through a centralised system.;;;;defender;;FAIL;Defender plan Defender for SQL Server VMs from subscription Azure for Students is set to OFF (pricing tier not standard).;/subscriptions/8eef52e8-b918-4aec-8a36-fb2218e65f77/providers/Microsoft.Security/pricings/SqlServerVirtualMachines;defender_ensure_defender_for_sql_servers_is_on;False;Defender plan SQL Server VMs;RBI-Cyber-Security-Framework;Reserve Bank of India (RBI) Cyber Security Framework;
azure;The Reserve Bank had prescribed a set of baseline cyber security controls for primary (Urban) cooperative banks (UCBs) in October 2018. On further examination, it has been decided to prescribe a comprehensive cyber security framework for the UCBs, as a graded approach, based on their digital depth and interconnectedness with the payment systems landscape, digital products offered by them and assessment of cyber security risk. The framework would mandate implementation of progressively stronger security measures based on the nature, variety and scale of digital product offerings of banks.;8eef52e8-b918-4aec-8a36-fb2218e65f77;global;2026-04-28 01:21:11.393465;annex_i_6;Put in place systems and processes to identify, track, manage and monitor the status of patches to servers, operating system and application software running at the systems used by the UCB officials (end-users). Implement and update antivirus protection for all servers and applicable end points preferably through a centralised system.;;;;defender;;FAIL;Defender plan Defender for Storage Accounts from subscription Azure for Students is set to OFF (pricing tier not standard).;/subscriptions/8eef52e8-b918-4aec-8a36-fb2218e65f77/providers/Microsoft.Security/pricings/StorageAccounts;defender_ensure_defender_for_storage_is_on;False;Defender plan Storage Accounts;RBI-Cyber-Security-Framework;Reserve Bank of India (RBI) Cyber Security Framework;
azure;The Reserve Bank had prescribed a set of baseline cyber security controls for primary (Urban) cooperative banks (UCBs) in October 2018. On further examination, it has been decided to prescribe a comprehensive cyber security framework for the UCBs, as a graded approach, based on their digital depth and interconnectedness with the payment systems landscape, digital products offered by them and assessment of cyber security risk. The framework would mandate implementation of progressively stronger security measures based on the nature, variety and scale of digital product offerings of banks.;8eef52e8-b918-4aec-8a36-fb2218e65f77;global;2026-04-28 01:21:11.393465;annex_i_7_4;Implement appropriate (e.g. centralised) systems and controls to allow, manage, log and monitor privileged/super user/administrative access to critical systems (servers/databases, applications, network devices etc.);;;;monitor;;PASS;Microsoft Defender for Cloud Apps is enabled for subscription Azure for Students.;/subscriptions/8eef52e8-b918-4aec-8a36-fb2218e65f77/providers/Microsoft.Security/settings/MCAS;defender_ensure_mcas_is_enabled;False;MCAS;RBI-Cyber-Security-Framework;Reserve Bank of India (RBI) Cyber Security Framework;
azure;The Reserve Bank had prescribed a set of baseline cyber security controls for primary (Urban) cooperative banks (UCBs) in October 2018. On further examination, it has been decided to prescribe a comprehensive cyber security framework for the UCBs, as a graded approach, based on their digital depth and interconnectedness with the payment systems landscape, digital products offered by them and assessment of cyber security risk. The framework would mandate implementation of progressively stronger security measures based on the nature, variety and scale of digital product offerings of banks.;8eef52e8-b918-4aec-8a36-fb2218e65f77;global;2026-04-28 01:21:11.393465;annex_i_7_4;Implement appropriate (e.g. centralised) systems and controls to allow, manage, log and monitor privileged/super user/administrative access to critical systems (servers/databases, applications, network devices etc.);;;;monitor;;PASS;Microsoft Defender for Endpoint integration is enabled for subscription Azure for Students.;/subscriptions/8eef52e8-b918-4aec-8a36-fb2218e65f77/providers/Microsoft.Security/settings/WDATP;defender_ensure_wdatp_is_enabled;False;WDATP;RBI-Cyber-Security-Framework;Reserve Bank of India (RBI) Cyber Security Framework;
azure;The Reserve Bank had prescribed a set of baseline cyber security controls for primary (Urban) cooperative banks (UCBs) in October 2018. On further examination, it has been decided to prescribe a comprehensive cyber security framework for the UCBs, as a graded approach, based on their digital depth and interconnectedness with the payment systems landscape, digital products offered by them and assessment of cyber security risk. The framework would mandate implementation of progressively stronger security measures based on the nature, variety and scale of digital product offerings of banks.;8eef52e8-b918-4aec-8a36-fb2218e65f77;global;2026-04-28 01:21:11.393465;annex_i_7_1;Disallow administrative rights on end-user workstations/PCs/laptops and provide access rights on a 'need to know' and 'need to do' basis.;;;;iam;;FAIL;Role assignment c90a27b7-049c-4eca-ab7d-aa1d1d85aff4 in subscription Azure for Students grants User Access Administrator role to User 0d42e8dc-8442-4e18-bd7f-585f1558cd3a.;/providers/Microsoft.Authorization/roleAssignments/c90a27b7-049c-4eca-ab7d-aa1d1d85aff4;iam_role_user_access_admin_restricted;False;c90a27b7-049c-4eca-ab7d-aa1d1d85aff4;RBI-Cyber-Security-Framework;Reserve Bank of India (RBI) Cyber Security Framework;
azure;The Reserve Bank had prescribed a set of baseline cyber security controls for primary (Urban) cooperative banks (UCBs) in October 2018. On further examination, it has been decided to prescribe a comprehensive cyber security framework for the UCBs, as a graded approach, based on their digital depth and interconnectedness with the payment systems landscape, digital products offered by them and assessment of cyber security risk. The framework would mandate implementation of progressively stronger security measures based on the nature, variety and scale of digital product offerings of banks.;8eef52e8-b918-4aec-8a36-fb2218e65f77;global;2026-04-28 01:21:11.393465;annex_i_7_1;Disallow administrative rights on end-user workstations/PCs/laptops and provide access rights on a 'need to know' and 'need to do' basis.;;;;iam;;FAIL;Role assignment befee0f8-7c4e-451f-96a2-b3657cb58be6 in subscription Azure for Students grants User Access Administrator role to User 07efb741-3779-4047-b815-9049d6bc30c0.;/providers/Microsoft.Authorization/roleAssignments/befee0f8-7c4e-451f-96a2-b3657cb58be6;iam_role_user_access_admin_restricted;False;befee0f8-7c4e-451f-96a2-b3657cb58be6;RBI-Cyber-Security-Framework;Reserve Bank of India (RBI) Cyber Security Framework;
azure;The Reserve Bank had prescribed a set of baseline cyber security controls for primary (Urban) cooperative banks (UCBs) in October 2018. On further examination, it has been decided to prescribe a comprehensive cyber security framework for the UCBs, as a graded approach, based on their digital depth and interconnectedness with the payment systems landscape, digital products offered by them and assessment of cyber security risk. The framework would mandate implementation of progressively stronger security measures based on the nature, variety and scale of digital product offerings of banks.;8eef52e8-b918-4aec-8a36-fb2218e65f77;global;2026-04-28 01:21:11.393465;annex_i_7_1;Disallow administrative rights on end-user workstations/PCs/laptops and provide access rights on a 'need to know' and 'need to do' basis.;;;;iam;;PASS;Role assignment 4670d9e2-33b5-431e-86e6-46b8f8e2a689 in subscription Azure for Students does not grant User Access Administrator role.;/subscriptions/8eef52e8-b918-4aec-8a36-fb2218e65f77/providers/Microsoft.Authorization/roleAssignments/4670d9e2-33b5-431e-86e6-46b8f8e2a689;iam_role_user_access_admin_restricted;False;4670d9e2-33b5-431e-86e6-46b8f8e2a689;RBI-Cyber-Security-Framework;Reserve Bank of India (RBI) Cyber Security Framework;
azure;The Reserve Bank had prescribed a set of baseline cyber security controls for primary (Urban) cooperative banks (UCBs) in October 2018. On further examination, it has been decided to prescribe a comprehensive cyber security framework for the UCBs, as a graded approach, based on their digital depth and interconnectedness with the payment systems landscape, digital products offered by them and assessment of cyber security risk. The framework would mandate implementation of progressively stronger security measures based on the nature, variety and scale of digital product offerings of banks.;8eef52e8-b918-4aec-8a36-fb2218e65f77;global;2026-04-28 01:21:11.393465;annex_i_7_1;Disallow administrative rights on end-user workstations/PCs/laptops and provide access rights on a 'need to know' and 'need to do' basis.;;;;iam;;PASS;Role assignment afa07eb0-4d74-4932-8b01-8baa6088f109 in subscription Azure for Students does not grant User Access Administrator role.;/subscriptions/8eef52e8-b918-4aec-8a36-fb2218e65f77/providers/Microsoft.Authorization/roleAssignments/afa07eb0-4d74-4932-8b01-8baa6088f109;iam_role_user_access_admin_restricted;False;afa07eb0-4d74-4932-8b01-8baa6088f109;RBI-Cyber-Security-Framework;Reserve Bank of India (RBI) Cyber Security Framework;
azure;The Reserve Bank had prescribed a set of baseline cyber security controls for primary (Urban) cooperative banks (UCBs) in October 2018. On further examination, it has been decided to prescribe a comprehensive cyber security framework for the UCBs, as a graded approach, based on their digital depth and interconnectedness with the payment systems landscape, digital products offered by them and assessment of cyber security risk. The framework would mandate implementation of progressively stronger security measures based on the nature, variety and scale of digital product offerings of banks.;8eef52e8-b918-4aec-8a36-fb2218e65f77;global;2026-04-28 01:21:11.393465;annex_i_7_1;Disallow administrative rights on end-user workstations/PCs/laptops and provide access rights on a 'need to know' and 'need to do' basis.;;;;iam;;PASS;Role assignment 164d1e56-c735-48f6-9c81-20a6a75c96ae in subscription Azure for Students does not grant User Access Administrator role.;/subscriptions/8eef52e8-b918-4aec-8a36-fb2218e65f77/providers/Microsoft.Authorization/roleAssignments/164d1e56-c735-48f6-9c81-20a6a75c96ae;iam_role_user_access_admin_restricted;False;164d1e56-c735-48f6-9c81-20a6a75c96ae;RBI-Cyber-Security-Framework;Reserve Bank of India (RBI) Cyber Security Framework;
azure;The Reserve Bank had prescribed a set of baseline cyber security controls for primary (Urban) cooperative banks (UCBs) in October 2018. On further examination, it has been decided to prescribe a comprehensive cyber security framework for the UCBs, as a graded approach, based on their digital depth and interconnectedness with the payment systems landscape, digital products offered by them and assessment of cyber security risk. The framework would mandate implementation of progressively stronger security measures based on the nature, variety and scale of digital product offerings of banks.;8eef52e8-b918-4aec-8a36-fb2218e65f77;global;2026-04-28 01:21:11.393465;annex_i_7_1;Disallow administrative rights on end-user workstations/PCs/laptops and provide access rights on a 'need to know' and 'need to do' basis.;;;;iam;;PASS;Role assignment ad2213eb-9367-4c92-760d-fce6bc5c8dd8 in subscription Azure for Students does not grant User Access Administrator role.;/providers/Microsoft.Management/managementGroups/dbd6664d-4eb9-46eb-99d8-5c43ba153c61/providers/Microsoft.Authorization/roleAssignments/ad2213eb-9367-4c92-760d-fce6bc5c8dd8;iam_role_user_access_admin_restricted;False;ad2213eb-9367-4c92-760d-fce6bc5c8dd8;RBI-Cyber-Security-Framework;Reserve Bank of India (RBI) Cyber Security Framework;
azure;The Reserve Bank had prescribed a set of baseline cyber security controls for primary (Urban) cooperative banks (UCBs) in October 2018. On further examination, it has been decided to prescribe a comprehensive cyber security framework for the UCBs, as a graded approach, based on their digital depth and interconnectedness with the payment systems landscape, digital products offered by them and assessment of cyber security risk. The framework would mandate implementation of progressively stronger security measures based on the nature, variety and scale of digital product offerings of banks.;8eef52e8-b918-4aec-8a36-fb2218e65f77;global;2026-04-28 01:21:11.393465;annex_i_7_1;Disallow administrative rights on end-user workstations/PCs/laptops and provide access rights on a 'need to know' and 'need to do' basis.;;;;iam;;PASS;Role assignment abbad544-0e37-4453-b44b-87cdbbbf3bef in subscription Azure for Students does not grant User Access Administrator role.;/providers/Microsoft.Management/managementGroups/dbd6664d-4eb9-46eb-99d8-5c43ba153c61/providers/Microsoft.Authorization/roleAssignments/abbad544-0e37-4453-b44b-87cdbbbf3bef;iam_role_user_access_admin_restricted;False;abbad544-0e37-4453-b44b-87cdbbbf3bef;RBI-Cyber-Security-Framework;Reserve Bank of India (RBI) Cyber Security Framework;
azure;The Reserve Bank had prescribed a set of baseline cyber security controls for primary (Urban) cooperative banks (UCBs) in October 2018. On further examination, it has been decided to prescribe a comprehensive cyber security framework for the UCBs, as a graded approach, based on their digital depth and interconnectedness with the payment systems landscape, digital products offered by them and assessment of cyber security risk. The framework would mandate implementation of progressively stronger security measures based on the nature, variety and scale of digital product offerings of banks.;8eef52e8-b918-4aec-8a36-fb2218e65f77;global;2026-04-28 01:21:11.393465;annex_i_7_1;Disallow administrative rights on end-user workstations/PCs/laptops and provide access rights on a 'need to know' and 'need to do' basis.;;;;iam;;PASS;Role assignment bdc892dc-1b3a-4efa-abfb-76e6b2b4a03d in subscription Azure for Students does not grant User Access Administrator role.;/providers/Microsoft.Management/managementGroups/dbd6664d-4eb9-46eb-99d8-5c43ba153c61/providers/Microsoft.Authorization/roleAssignments/bdc892dc-1b3a-4efa-abfb-76e6b2b4a03d;iam_role_user_access_admin_restricted;False;bdc892dc-1b3a-4efa-abfb-76e6b2b4a03d;RBI-Cyber-Security-Framework;Reserve Bank of India (RBI) Cyber Security Framework;
azure;The Reserve Bank had prescribed a set of baseline cyber security controls for primary (Urban) cooperative banks (UCBs) in October 2018. On further examination, it has been decided to prescribe a comprehensive cyber security framework for the UCBs, as a graded approach, based on their digital depth and interconnectedness with the payment systems landscape, digital products offered by them and assessment of cyber security risk. The framework would mandate implementation of progressively stronger security measures based on the nature, variety and scale of digital product offerings of banks.;8eef52e8-b918-4aec-8a36-fb2218e65f77;global;2026-04-28 01:21:11.393465;annex_i_7_4;Implement appropriate (e.g. centralised) systems and controls to allow, manage, log and monitor privileged/super user/administrative access to critical systems (servers/databases, applications, network devices etc.);;;;monitor;;FAIL;There is not an alert for creating Policy Assignments in subscription Azure for Students.;/subscriptions/8eef52e8-b918-4aec-8a36-fb2218e65f77;monitor_alert_create_policy_assignment;False;Azure for Students;RBI-Cyber-Security-Framework;Reserve Bank of India (RBI) Cyber Security Framework;
azure;The Reserve Bank had prescribed a set of baseline cyber security controls for primary (Urban) cooperative banks (UCBs) in October 2018. On further examination, it has been decided to prescribe a comprehensive cyber security framework for the UCBs, as a graded approach, based on their digital depth and interconnectedness with the payment systems landscape, digital products offered by them and assessment of cyber security risk. The framework would mandate implementation of progressively stronger security measures based on the nature, variety and scale of digital product offerings of banks.;8eef52e8-b918-4aec-8a36-fb2218e65f77;global;2026-04-28 01:21:11.393465;annex_i_7_4;Implement appropriate (e.g. centralised) systems and controls to allow, manage, log and monitor privileged/super user/administrative access to critical systems (servers/databases, applications, network devices etc.);;;;monitor;;FAIL;There is not an alert for creating/updating Network Security Groups in subscription Azure for Students.;/subscriptions/8eef52e8-b918-4aec-8a36-fb2218e65f77;monitor_alert_create_update_nsg;False;Azure for Students;RBI-Cyber-Security-Framework;Reserve Bank of India (RBI) Cyber Security Framework;
azure;The Reserve Bank had prescribed a set of baseline cyber security controls for primary (Urban) cooperative banks (UCBs) in October 2018. On further examination, it has been decided to prescribe a comprehensive cyber security framework for the UCBs, as a graded approach, based on their digital depth and interconnectedness with the payment systems landscape, digital products offered by them and assessment of cyber security risk. The framework would mandate implementation of progressively stronger security measures based on the nature, variety and scale of digital product offerings of banks.;8eef52e8-b918-4aec-8a36-fb2218e65f77;global;2026-04-28 01:21:11.393465;annex_i_7_4;Implement appropriate (e.g. centralised) systems and controls to allow, manage, log and monitor privileged/super user/administrative access to critical systems (servers/databases, applications, network devices etc.);;;;monitor;;FAIL;There is not an alert for creating/updating Public IP address rule in subscription Azure for Students.;/subscriptions/8eef52e8-b918-4aec-8a36-fb2218e65f77;monitor_alert_create_update_public_ip_address_rule;False;Azure for Students;RBI-Cyber-Security-Framework;Reserve Bank of India (RBI) Cyber Security Framework;
azure;The Reserve Bank had prescribed a set of baseline cyber security controls for primary (Urban) cooperative banks (UCBs) in October 2018. On further examination, it has been decided to prescribe a comprehensive cyber security framework for the UCBs, as a graded approach, based on their digital depth and interconnectedness with the payment systems landscape, digital products offered by them and assessment of cyber security risk. The framework would mandate implementation of progressively stronger security measures based on the nature, variety and scale of digital product offerings of banks.;8eef52e8-b918-4aec-8a36-fb2218e65f77;global;2026-04-28 01:21:11.393465;annex_i_7_4;Implement appropriate (e.g. centralised) systems and controls to allow, manage, log and monitor privileged/super user/administrative access to critical systems (servers/databases, applications, network devices etc.);;;;monitor;;FAIL;There is not an alert for creating/updating Security Solution in subscription Azure for Students.;/subscriptions/8eef52e8-b918-4aec-8a36-fb2218e65f77;monitor_alert_create_update_security_solution;False;Azure for Students;RBI-Cyber-Security-Framework;Reserve Bank of India (RBI) Cyber Security Framework;
azure;The Reserve Bank had prescribed a set of baseline cyber security controls for primary (Urban) cooperative banks (UCBs) in October 2018. On further examination, it has been decided to prescribe a comprehensive cyber security framework for the UCBs, as a graded approach, based on their digital depth and interconnectedness with the payment systems landscape, digital products offered by them and assessment of cyber security risk. The framework would mandate implementation of progressively stronger security measures based on the nature, variety and scale of digital product offerings of banks.;8eef52e8-b918-4aec-8a36-fb2218e65f77;global;2026-04-28 01:21:11.393465;annex_i_7_4;Implement appropriate (e.g. centralised) systems and controls to allow, manage, log and monitor privileged/super user/administrative access to critical systems (servers/databases, applications, network devices etc.);;;;monitor;;FAIL;There is not an alert for creating/updating SQL Server firewall rule in subscription Azure for Students.;/subscriptions/8eef52e8-b918-4aec-8a36-fb2218e65f77;monitor_alert_create_update_sqlserver_fr;False;Azure for Students;RBI-Cyber-Security-Framework;Reserve Bank of India (RBI) Cyber Security Framework;
azure;The Reserve Bank had prescribed a set of baseline cyber security controls for primary (Urban) cooperative banks (UCBs) in October 2018. On further examination, it has been decided to prescribe a comprehensive cyber security framework for the UCBs, as a graded approach, based on their digital depth and interconnectedness with the payment systems landscape, digital products offered by them and assessment of cyber security risk. The framework would mandate implementation of progressively stronger security measures based on the nature, variety and scale of digital product offerings of banks.;8eef52e8-b918-4aec-8a36-fb2218e65f77;global;2026-04-28 01:21:11.393465;annex_i_7_4;Implement appropriate (e.g. centralised) systems and controls to allow, manage, log and monitor privileged/super user/administrative access to critical systems (servers/databases, applications, network devices etc.);;;;monitor;;FAIL;There is not an alert for deleting Network Security Groups in subscription Azure for Students.;/subscriptions/8eef52e8-b918-4aec-8a36-fb2218e65f77;monitor_alert_delete_nsg;False;Azure for Students;RBI-Cyber-Security-Framework;Reserve Bank of India (RBI) Cyber Security Framework;
azure;The Reserve Bank had prescribed a set of baseline cyber security controls for primary (Urban) cooperative banks (UCBs) in October 2018. On further examination, it has been decided to prescribe a comprehensive cyber security framework for the UCBs, as a graded approach, based on their digital depth and interconnectedness with the payment systems landscape, digital products offered by them and assessment of cyber security risk. The framework would mandate implementation of progressively stronger security measures based on the nature, variety and scale of digital product offerings of banks.;8eef52e8-b918-4aec-8a36-fb2218e65f77;global;2026-04-28 01:21:11.393465;annex_i_7_4;Implement appropriate (e.g. centralised) systems and controls to allow, manage, log and monitor privileged/super user/administrative access to critical systems (servers/databases, applications, network devices etc.);;;;monitor;;FAIL;There is not an alert for deleting policy assignment in subscription Azure for Students.;/subscriptions/8eef52e8-b918-4aec-8a36-fb2218e65f77;monitor_alert_delete_policy_assignment;False;Azure for Students;RBI-Cyber-Security-Framework;Reserve Bank of India (RBI) Cyber Security Framework;
azure;The Reserve Bank had prescribed a set of baseline cyber security controls for primary (Urban) cooperative banks (UCBs) in October 2018. On further examination, it has been decided to prescribe a comprehensive cyber security framework for the UCBs, as a graded approach, based on their digital depth and interconnectedness with the payment systems landscape, digital products offered by them and assessment of cyber security risk. The framework would mandate implementation of progressively stronger security measures based on the nature, variety and scale of digital product offerings of banks.;8eef52e8-b918-4aec-8a36-fb2218e65f77;global;2026-04-28 01:21:11.393465;annex_i_7_4;Implement appropriate (e.g. centralised) systems and controls to allow, manage, log and monitor privileged/super user/administrative access to critical systems (servers/databases, applications, network devices etc.);;;;monitor;;FAIL;There is not an alert for deleting public IP address rule in subscription Azure for Students.;/subscriptions/8eef52e8-b918-4aec-8a36-fb2218e65f77;monitor_alert_delete_public_ip_address_rule;False;Azure for Students;RBI-Cyber-Security-Framework;Reserve Bank of India (RBI) Cyber Security Framework;
azure;The Reserve Bank had prescribed a set of baseline cyber security controls for primary (Urban) cooperative banks (UCBs) in October 2018. On further examination, it has been decided to prescribe a comprehensive cyber security framework for the UCBs, as a graded approach, based on their digital depth and interconnectedness with the payment systems landscape, digital products offered by them and assessment of cyber security risk. The framework would mandate implementation of progressively stronger security measures based on the nature, variety and scale of digital product offerings of banks.;8eef52e8-b918-4aec-8a36-fb2218e65f77;global;2026-04-28 01:21:11.393465;annex_i_7_4;Implement appropriate (e.g. centralised) systems and controls to allow, manage, log and monitor privileged/super user/administrative access to critical systems (servers/databases, applications, network devices etc.);;;;monitor;;FAIL;There is not an alert for deleting Security Solution in subscription Azure for Students.;/subscriptions/8eef52e8-b918-4aec-8a36-fb2218e65f77;monitor_alert_delete_security_solution;False;Azure for Students;RBI-Cyber-Security-Framework;Reserve Bank of India (RBI) Cyber Security Framework;
azure;The Reserve Bank had prescribed a set of baseline cyber security controls for primary (Urban) cooperative banks (UCBs) in October 2018. On further examination, it has been decided to prescribe a comprehensive cyber security framework for the UCBs, as a graded approach, based on their digital depth and interconnectedness with the payment systems landscape, digital products offered by them and assessment of cyber security risk. The framework would mandate implementation of progressively stronger security measures based on the nature, variety and scale of digital product offerings of banks.;8eef52e8-b918-4aec-8a36-fb2218e65f77;global;2026-04-28 01:21:11.393465;annex_i_7_4;Implement appropriate (e.g. centralised) systems and controls to allow, manage, log and monitor privileged/super user/administrative access to critical systems (servers/databases, applications, network devices etc.);;;;monitor;;FAIL;There is not an alert for deleting SQL Server firewall rule in subscription Azure for Students.;/subscriptions/8eef52e8-b918-4aec-8a36-fb2218e65f77;monitor_alert_delete_sqlserver_fr;False;Azure for Students;RBI-Cyber-Security-Framework;Reserve Bank of India (RBI) Cyber Security Framework;
azure;The Reserve Bank had prescribed a set of baseline cyber security controls for primary (Urban) cooperative banks (UCBs) in October 2018. On further examination, it has been decided to prescribe a comprehensive cyber security framework for the UCBs, as a graded approach, based on their digital depth and interconnectedness with the payment systems landscape, digital products offered by them and assessment of cyber security risk. The framework would mandate implementation of progressively stronger security measures based on the nature, variety and scale of digital product offerings of banks.;8eef52e8-b918-4aec-8a36-fb2218e65f77;global;2026-04-28 01:21:11.393465;annex_i_7_4;Implement appropriate (e.g. centralised) systems and controls to allow, manage, log and monitor privileged/super user/administrative access to critical systems (servers/databases, applications, network devices etc.);;;;monitor;;FAIL;There is no activity log alert for Service Health in subscription Azure for Students.;/subscriptions/8eef52e8-b918-4aec-8a36-fb2218e65f77;monitor_alert_service_health_exists;False;Azure for Students;RBI-Cyber-Security-Framework;Reserve Bank of India (RBI) Cyber Security Framework;
azure;The Reserve Bank had prescribed a set of baseline cyber security controls for primary (Urban) cooperative banks (UCBs) in October 2018. On further examination, it has been decided to prescribe a comprehensive cyber security framework for the UCBs, as a graded approach, based on their digital depth and interconnectedness with the payment systems landscape, digital products offered by them and assessment of cyber security risk. The framework would mandate implementation of progressively stronger security measures based on the nature, variety and scale of digital product offerings of banks.;8eef52e8-b918-4aec-8a36-fb2218e65f77;global;2026-04-28 01:21:11.393465;annex_i_7_4;Implement appropriate (e.g. centralised) systems and controls to allow, manage, log and monitor privileged/super user/administrative access to critical systems (servers/databases, applications, network devices etc.);;;;monitor;;FAIL;No diagnostic setting captures all appropriate categories (Administrative, Security, Alert, Policy) in subscription Azure for Students.;/subscriptions/8eef52e8-b918-4aec-8a36-fb2218e65f77;monitor_diagnostic_setting_with_appropriate_categories;False;Azure for Students;RBI-Cyber-Security-Framework;Reserve Bank of India (RBI) Cyber Security Framework;
azure;The Reserve Bank had prescribed a set of baseline cyber security controls for primary (Urban) cooperative banks (UCBs) in October 2018. On further examination, it has been decided to prescribe a comprehensive cyber security framework for the UCBs, as a graded approach, based on their digital depth and interconnectedness with the payment systems landscape, digital products offered by them and assessment of cyber security risk. The framework would mandate implementation of progressively stronger security measures based on the nature, variety and scale of digital product offerings of banks.;8eef52e8-b918-4aec-8a36-fb2218e65f77;global;2026-04-28 01:21:11.393465;annex_i_7_4;Implement appropriate (e.g. centralised) systems and controls to allow, manage, log and monitor privileged/super user/administrative access to critical systems (servers/databases, applications, network devices etc.);;;;monitor;;FAIL;No diagnostic settings found in subscription Azure for Students.;/subscriptions/8eef52e8-b918-4aec-8a36-fb2218e65f77;monitor_diagnostic_settings_exists;False;Azure for Students;RBI-Cyber-Security-Framework;Reserve Bank of India (RBI) Cyber Security Framework;
azure;The Reserve Bank had prescribed a set of baseline cyber security controls for primary (Urban) cooperative banks (UCBs) in October 2018. On further examination, it has been decided to prescribe a comprehensive cyber security framework for the UCBs, as a graded approach, based on their digital depth and interconnectedness with the payment systems landscape, digital products offered by them and assessment of cyber security risk. The framework would mandate implementation of progressively stronger security measures based on the nature, variety and scale of digital product offerings of banks.;8eef52e8-b918-4aec-8a36-fb2218e65f77;global;2026-04-28 01:21:11.393465;annex_i_5_1;The firewall configurations should be set to the highest security level and evaluation of critical device (such as firewall, network switches, security devices, etc.) configurations should be done periodically.;;;;network;;FAIL;Bastion Host from subscription Azure for Students does not exist;/subscriptions/8eef52e8-b918-4aec-8a36-fb2218e65f77;network_bastion_host_exists;False;Azure for Students;RBI-Cyber-Security-Framework;Reserve Bank of India (RBI) Cyber Security Framework;
azure;The Reserve Bank had prescribed a set of baseline cyber security controls for primary (Urban) cooperative banks (UCBs) in October 2018. On further examination, it has been decided to prescribe a comprehensive cyber security framework for the UCBs, as a graded approach, based on their digital depth and interconnectedness with the payment systems landscape, digital products offered by them and assessment of cyber security risk. The framework would mandate implementation of progressively stronger security measures based on the nature, variety and scale of digital product offerings of banks.;8eef52e8-b918-4aec-8a36-fb2218e65f77;global;2026-04-28 01:21:11.393465;annex_i_7_3;Remote Desktop Protocol (RDP) which allows others to access the computer remotely over a network or over the internet should be always disabled and should be enabled only with the approval of the authorised officer of the UCB. Logs for such remote access shall be enabled and monitored for suspicious activities.;;;;network;;FAIL;Bastion Host from subscription Azure for Students does not exist;/subscriptions/8eef52e8-b918-4aec-8a36-fb2218e65f77;network_bastion_host_exists;False;Azure for Students;RBI-Cyber-Security-Framework;Reserve Bank of India (RBI) Cyber Security Framework;
azure;The Reserve Bank had prescribed a set of baseline cyber security controls for primary (Urban) cooperative banks (UCBs) in October 2018. On further examination, it has been decided to prescribe a comprehensive cyber security framework for the UCBs, as a graded approach, based on their digital depth and interconnectedness with the payment systems landscape, digital products offered by them and assessment of cyber security risk. The framework would mandate implementation of progressively stronger security measures based on the nature, variety and scale of digital product offerings of banks.;8eef52e8-b918-4aec-8a36-fb2218e65f77;norwayeast;2026-04-28 01:21:11.393465;annex_i_5_1;The firewall configurations should be set to the highest security level and evaluation of critical device (such as firewall, network switches, security devices, etc.) configurations should be done periodically.;;;;network;;FAIL;Network Watcher NetworkWatcher_norwayeast from subscription Azure for Students has no flow logs;/subscriptions/8eef52e8-b918-4aec-8a36-fb2218e65f77/resourceGroups/NetworkWatcherRG/providers/Microsoft.Network/networkWatchers/NetworkWatcher_norwayeast;network_flow_log_captured_sent;False;NetworkWatcher_norwayeast;RBI-Cyber-Security-Framework;Reserve Bank of India (RBI) Cyber Security Framework;
azure;The Reserve Bank had prescribed a set of baseline cyber security controls for primary (Urban) cooperative banks (UCBs) in October 2018. On further examination, it has been decided to prescribe a comprehensive cyber security framework for the UCBs, as a graded approach, based on their digital depth and interconnectedness with the payment systems landscape, digital products offered by them and assessment of cyber security risk. The framework would mandate implementation of progressively stronger security measures based on the nature, variety and scale of digital product offerings of banks.;8eef52e8-b918-4aec-8a36-fb2218e65f77;norwayeast;2026-04-28 01:21:11.393465;annex_i_5_1;The firewall configurations should be set to the highest security level and evaluation of critical device (such as firewall, network switches, security devices, etc.) configurations should be done periodically.;;;;network;;FAIL;Network Watcher NetworkWatcher_norwayeast from subscription Azure for Students has no flow logs;/subscriptions/8eef52e8-b918-4aec-8a36-fb2218e65f77/resourceGroups/NetworkWatcherRG/providers/Microsoft.Network/networkWatchers/NetworkWatcher_norwayeast;network_flow_log_more_than_90_days;False;NetworkWatcher_norwayeast;RBI-Cyber-Security-Framework;Reserve Bank of India (RBI) Cyber Security Framework;
azure;The Reserve Bank had prescribed a set of baseline cyber security controls for primary (Urban) cooperative banks (UCBs) in October 2018. On further examination, it has been decided to prescribe a comprehensive cyber security framework for the UCBs, as a graded approach, based on their digital depth and interconnectedness with the payment systems landscape, digital products offered by them and assessment of cyber security risk. The framework would mandate implementation of progressively stronger security measures based on the nature, variety and scale of digital product offerings of banks.;8eef52e8-b918-4aec-8a36-fb2218e65f77;global;2026-04-28 01:21:11.393465;annex_i_5_1;The firewall configurations should be set to the highest security level and evaluation of critical device (such as firewall, network switches, security devices, etc.) configurations should be done periodically.;;;;network;;FAIL;Network Watcher is not enabled for the following locations in subscription 'Azure for Students': australiacentral, japaneast, eastus2, francesouth, belgiumcentral, switzerlandwest, switzerlandnorth, uksouth, westus2, westus3, westeurope, brazilsouth, koreasouth, southafricanorth, northeurope, koreacentral, chilecentral, eastus, israelcentral, southcentralus, uaenorth, mexicocentral, qatarcentral, southindia, westindia, polandcentral, canadacentral, northcentralus, centralindia, japanwest, germanynorth, jioindiacentral, norwaywest, southeastasia, malaysiawest, austriaeast, indonesiacentral, francecentral, denmarkeast, westus, swedencentral, centralus, australiasoutheast, canadaeast, australiacentral2, newzealandnorth, germanywestcentral, jioindiawest, westcentralus, ukwest, brazilsoutheast, southafricawest, spaincentral, eastasia, australiaeast, italynorth, uaecentral.;/subscriptions/8eef52e8-b918-4aec-8a36-fb2218e65f77;network_watcher_enabled;False;Azure for Students;RBI-Cyber-Security-Framework;Reserve Bank of India (RBI) Cyber Security Framework;
azure;The Reserve Bank had prescribed a set of baseline cyber security controls for primary (Urban) cooperative banks (UCBs) in October 2018. On further examination, it has been decided to prescribe a comprehensive cyber security framework for the UCBs, as a graded approach, based on their digital depth and interconnectedness with the payment systems landscape, digital products offered by them and assessment of cyber security risk. The framework would mandate implementation of progressively stronger security measures based on the nature, variety and scale of digital product offerings of banks.;8eef52e8-b918-4aec-8a36-fb2218e65f77;norwayeast;2026-04-28 01:21:11.393465;annex_i_1_3;Appropriately manage and provide protection within and outside UCB/network, keeping in mind how the data/information is stored, transmitted, processed, accessed and put to use within/outside the UCB's network, and level of risk they are exposed to depending on the sensitivity of the data/information.;;;;azure;;PASS;Storage account sttfstateghassen01 from subscription Azure for Students has allow blob public access disabled.;/subscriptions/8eef52e8-b918-4aec-8a36-fb2218e65f77/resourceGroups/rg-terraform-state/providers/Microsoft.Storage/storageAccounts/sttfstateghassen01;storage_blob_public_access_level_is_disabled;False;sttfstateghassen01;RBI-Cyber-Security-Framework;Reserve Bank of India (RBI) Cyber Security Framework;
azure;The Reserve Bank had prescribed a set of baseline cyber security controls for primary (Urban) cooperative banks (UCBs) in October 2018. On further examination, it has been decided to prescribe a comprehensive cyber security framework for the UCBs, as a graded approach, based on their digital depth and interconnectedness with the payment systems landscape, digital products offered by them and assessment of cyber security risk. The framework would mandate implementation of progressively stronger security measures based on the nature, variety and scale of digital product offerings of banks.;8eef52e8-b918-4aec-8a36-fb2218e65f77;norwayeast;2026-04-28 01:21:11.393465;annex_i_12;Take periodic back up of the important data and store this data 'off line' (i.e., transferring important files to a storage device that can be detached from a computer/system after copying all the files).;;;;azure;;FAIL;Storage account sttfstateghassen01 from subscription Azure for Students does not have blob versioning enabled.;/subscriptions/8eef52e8-b918-4aec-8a36-fb2218e65f77/resourceGroups/rg-terraform-state/providers/Microsoft.Storage/storageAccounts/sttfstateghassen01;storage_blob_versioning_is_enabled;False;sttfstateghassen01;RBI-Cyber-Security-Framework;Reserve Bank of India (RBI) Cyber Security Framework;
azure;The Reserve Bank had prescribed a set of baseline cyber security controls for primary (Urban) cooperative banks (UCBs) in October 2018. On further examination, it has been decided to prescribe a comprehensive cyber security framework for the UCBs, as a graded approach, based on their digital depth and interconnectedness with the payment systems landscape, digital products offered by them and assessment of cyber security risk. The framework would mandate implementation of progressively stronger security measures based on the nature, variety and scale of digital product offerings of banks.;8eef52e8-b918-4aec-8a36-fb2218e65f77;norwayeast;2026-04-28 01:21:11.393465;annex_i_1_3;Appropriately manage and provide protection within and outside UCB/network, keeping in mind how the data/information is stored, transmitted, processed, accessed and put to use within/outside the UCB's network, and level of risk they are exposed to depending on the sensitivity of the data/information.;;;;azure;;FAIL;Storage account sttfstateghassen01 from subscription Azure for Students has network access rule set to Allow.;/subscriptions/8eef52e8-b918-4aec-8a36-fb2218e65f77/resourceGroups/rg-terraform-state/providers/Microsoft.Storage/storageAccounts/sttfstateghassen01;storage_default_network_access_rule_is_denied;False;sttfstateghassen01;RBI-Cyber-Security-Framework;Reserve Bank of India (RBI) Cyber Security Framework;
azure;The Reserve Bank had prescribed a set of baseline cyber security controls for primary (Urban) cooperative banks (UCBs) in October 2018. On further examination, it has been decided to prescribe a comprehensive cyber security framework for the UCBs, as a graded approach, based on their digital depth and interconnectedness with the payment systems landscape, digital products offered by them and assessment of cyber security risk. The framework would mandate implementation of progressively stronger security measures based on the nature, variety and scale of digital product offerings of banks.;8eef52e8-b918-4aec-8a36-fb2218e65f77;norwayeast;2026-04-28 01:21:11.393465;annex_i_5_1;The firewall configurations should be set to the highest security level and evaluation of critical device (such as firewall, network switches, security devices, etc.) configurations should be done periodically.;;;;network;;FAIL;Storage account sttfstateghassen01 from subscription Azure for Students has network access rule set to Allow.;/subscriptions/8eef52e8-b918-4aec-8a36-fb2218e65f77/resourceGroups/rg-terraform-state/providers/Microsoft.Storage/storageAccounts/sttfstateghassen01;storage_default_network_access_rule_is_denied;False;sttfstateghassen01;RBI-Cyber-Security-Framework;Reserve Bank of India (RBI) Cyber Security Framework;
azure;The Reserve Bank had prescribed a set of baseline cyber security controls for primary (Urban) cooperative banks (UCBs) in October 2018. On further examination, it has been decided to prescribe a comprehensive cyber security framework for the UCBs, as a graded approach, based on their digital depth and interconnectedness with the payment systems landscape, digital products offered by them and assessment of cyber security risk. The framework would mandate implementation of progressively stronger security measures based on the nature, variety and scale of digital product offerings of banks.;8eef52e8-b918-4aec-8a36-fb2218e65f77;norwayeast;2026-04-28 01:21:11.393465;annex_i_1_3;Appropriately manage and provide protection within and outside UCB/network, keeping in mind how the data/information is stored, transmitted, processed, accessed and put to use within/outside the UCB's network, and level of risk they are exposed to depending on the sensitivity of the data/information.;;;;azure;;FAIL;Storage account sttfstateghassen01 from subscription Azure for Students does not encrypt with CMKs.;/subscriptions/8eef52e8-b918-4aec-8a36-fb2218e65f77/resourceGroups/rg-terraform-state/providers/Microsoft.Storage/storageAccounts/sttfstateghassen01;storage_ensure_encryption_with_customer_managed_keys;False;sttfstateghassen01;RBI-Cyber-Security-Framework;Reserve Bank of India (RBI) Cyber Security Framework;
azure;The Reserve Bank had prescribed a set of baseline cyber security controls for primary (Urban) cooperative banks (UCBs) in October 2018. On further examination, it has been decided to prescribe a comprehensive cyber security framework for the UCBs, as a graded approach, based on their digital depth and interconnectedness with the payment systems landscape, digital products offered by them and assessment of cyber security risk. The framework would mandate implementation of progressively stronger security measures based on the nature, variety and scale of digital product offerings of banks.;8eef52e8-b918-4aec-8a36-fb2218e65f77;norwayeast;2026-04-28 01:21:11.393465;annex_i_12;Take periodic back up of the important data and store this data 'off line' (i.e., transferring important files to a storage device that can be detached from a computer/system after copying all the files).;;;;azure;;PASS;File share soft delete is enabled for storage account sttfstateghassen01 with a retention period of 7 days.;/subscriptions/8eef52e8-b918-4aec-8a36-fb2218e65f77/resourceGroups/rg-terraform-state/providers/Microsoft.Storage/storageAccounts/sttfstateghassen01/fileServices/default;storage_ensure_file_shares_soft_delete_is_enabled;False;sttfstateghassen01;RBI-Cyber-Security-Framework;Reserve Bank of India (RBI) Cyber Security Framework;
azure;The Reserve Bank had prescribed a set of baseline cyber security controls for primary (Urban) cooperative banks (UCBs) in October 2018. On further examination, it has been decided to prescribe a comprehensive cyber security framework for the UCBs, as a graded approach, based on their digital depth and interconnectedness with the payment systems landscape, digital products offered by them and assessment of cyber security risk. The framework would mandate implementation of progressively stronger security measures based on the nature, variety and scale of digital product offerings of banks.;8eef52e8-b918-4aec-8a36-fb2218e65f77;norwayeast;2026-04-28 01:21:11.393465;annex_i_1_3;Appropriately manage and provide protection within and outside UCB/network, keeping in mind how the data/information is stored, transmitted, processed, accessed and put to use within/outside the UCB's network, and level of risk they are exposed to depending on the sensitivity of the data/information.;;;;azure;;PASS;Storage account sttfstateghassen01 from subscription Azure for Students has TLS version set to 1.2.;/subscriptions/8eef52e8-b918-4aec-8a36-fb2218e65f77/resourceGroups/rg-terraform-state/providers/Microsoft.Storage/storageAccounts/sttfstateghassen01;storage_ensure_minimum_tls_version_12;False;sttfstateghassen01;RBI-Cyber-Security-Framework;Reserve Bank of India (RBI) Cyber Security Framework;
azure;The Reserve Bank had prescribed a set of baseline cyber security controls for primary (Urban) cooperative banks (UCBs) in October 2018. On further examination, it has been decided to prescribe a comprehensive cyber security framework for the UCBs, as a graded approach, based on their digital depth and interconnectedness with the payment systems landscape, digital products offered by them and assessment of cyber security risk. The framework would mandate implementation of progressively stronger security measures based on the nature, variety and scale of digital product offerings of banks.;8eef52e8-b918-4aec-8a36-fb2218e65f77;norwayeast;2026-04-28 01:21:11.393465;annex_i_1_3;Appropriately manage and provide protection within and outside UCB/network, keeping in mind how the data/information is stored, transmitted, processed, accessed and put to use within/outside the UCB's network, and level of risk they are exposed to depending on the sensitivity of the data/information.;;;;azure;;FAIL;Storage account sttfstateghassen01 from subscription Azure for Students does not have private endpoint connections.;/subscriptions/8eef52e8-b918-4aec-8a36-fb2218e65f77/resourceGroups/rg-terraform-state/providers/Microsoft.Storage/storageAccounts/sttfstateghassen01;storage_ensure_private_endpoints_in_storage_accounts;False;sttfstateghassen01;RBI-Cyber-Security-Framework;Reserve Bank of India (RBI) Cyber Security Framework;
azure;The Reserve Bank had prescribed a set of baseline cyber security controls for primary (Urban) cooperative banks (UCBs) in October 2018. On further examination, it has been decided to prescribe a comprehensive cyber security framework for the UCBs, as a graded approach, based on their digital depth and interconnectedness with the payment systems landscape, digital products offered by them and assessment of cyber security risk. The framework would mandate implementation of progressively stronger security measures based on the nature, variety and scale of digital product offerings of banks.;8eef52e8-b918-4aec-8a36-fb2218e65f77;norwayeast;2026-04-28 01:21:11.393465;annex_i_12;Take periodic back up of the important data and store this data 'off line' (i.e., transferring important files to a storage device that can be detached from a computer/system after copying all the files).;;;;azure;;FAIL;Storage account sttfstateghassen01 from subscription Azure for Students has soft delete disabled.;/subscriptions/8eef52e8-b918-4aec-8a36-fb2218e65f77/resourceGroups/rg-terraform-state/providers/Microsoft.Storage/storageAccounts/sttfstateghassen01;storage_ensure_soft_delete_is_enabled;False;sttfstateghassen01;RBI-Cyber-Security-Framework;Reserve Bank of India (RBI) Cyber Security Framework;
azure;The Reserve Bank had prescribed a set of baseline cyber security controls for primary (Urban) cooperative banks (UCBs) in October 2018. On further examination, it has been decided to prescribe a comprehensive cyber security framework for the UCBs, as a graded approach, based on their digital depth and interconnectedness with the payment systems landscape, digital products offered by them and assessment of cyber security risk. The framework would mandate implementation of progressively stronger security measures based on the nature, variety and scale of digital product offerings of banks.;8eef52e8-b918-4aec-8a36-fb2218e65f77;norwayeast;2026-04-28 01:21:11.393465;annex_i_12;Take periodic back up of the important data and store this data 'off line' (i.e., transferring important files to a storage device that can be detached from a computer/system after copying all the files).;;;;azure;;FAIL;Storage account sttfstateghassen01 from subscription Azure for Students does not have Geo-redundant storage enabled, it has Standard_LRS instead.;/subscriptions/8eef52e8-b918-4aec-8a36-fb2218e65f77/resourceGroups/rg-terraform-state/providers/Microsoft.Storage/storageAccounts/sttfstateghassen01;storage_geo_redundant_enabled;False;sttfstateghassen01;RBI-Cyber-Security-Framework;Reserve Bank of India (RBI) Cyber Security Framework;
azure;The Reserve Bank had prescribed a set of baseline cyber security controls for primary (Urban) cooperative banks (UCBs) in October 2018. On further examination, it has been decided to prescribe a comprehensive cyber security framework for the UCBs, as a graded approach, based on their digital depth and interconnectedness with the payment systems landscape, digital products offered by them and assessment of cyber security risk. The framework would mandate implementation of progressively stronger security measures based on the nature, variety and scale of digital product offerings of banks.;8eef52e8-b918-4aec-8a36-fb2218e65f77;norwayeast;2026-04-28 01:21:11.393465;annex_i_1_3;Appropriately manage and provide protection within and outside UCB/network, keeping in mind how the data/information is stored, transmitted, processed, accessed and put to use within/outside the UCB's network, and level of risk they are exposed to depending on the sensitivity of the data/information.;;;;azure;;PASS;Storage account sttfstateghassen01 from subscription Azure for Students has secure transfer required enabled.;/subscriptions/8eef52e8-b918-4aec-8a36-fb2218e65f77/resourceGroups/rg-terraform-state/providers/Microsoft.Storage/storageAccounts/sttfstateghassen01;storage_secure_transfer_required_is_enabled;False;sttfstateghassen01;RBI-Cyber-Security-Framework;Reserve Bank of India (RBI) Cyber Security Framework;
