PROVIDER;DESCRIPTION;SUBSCRIPTIONID;LOCATION;ASSESSMENTDATE;REQUIREMENTS_ID;REQUIREMENTS_DESCRIPTION;REQUIREMENTS_ATTRIBUTES_TITLE;REQUIREMENTS_ATTRIBUTES_SECTION;REQUIREMENTS_ATTRIBUTES_SUBSECTION;REQUIREMENTS_ATTRIBUTES_ATTRIBUTEDESCRIPTION;REQUIREMENTS_ATTRIBUTES_ADDITIONALINFORMATION;REQUIREMENTS_ATTRIBUTES_LEVELOFRISK;REQUIREMENTS_ATTRIBUTES_WEIGHT;STATUS;STATUSEXTENDED;RESOURCEID;RESOURCENAME;CHECKID;MUTED;FRAMEWORK;NAME
azure;Prowler ThreatScore Compliance Framework for Azure ensures that the Azure subscription is compliant taking into account four main pillars: Identity and Access Management, Attack Surface, Forensic Readiness and Encryption;8eef52e8-b918-4aec-8a36-fb2218e65f77;global;2026-04-28 11:13:20.020918;3.3.13;Ensure Application Insights are Configured;Application Insights are Configured;3. Logging and Monitoring;3.3 Monitoring;Application Insights in Azure serves as an Application Performance Monitoring (APM) solution, providing valuable insights into application performance, telemetry data, and trace logs. It helps organizations monitor application health and troubleshoot incidents efficiently.;Enabling Application Insights enhances security monitoring and performance optimization by collecting metrics, telemetry, and trace logs. These logs aid in proactive performance tuning to reduce costs and support incident response by helping identify the root cause of potential security or operational issues. Integrating Application Insights into a broader logging and monitoring strategy strengthens an organization’s overall observability and security posture.;1;1;FAIL;There are no AppInsight configured in subscription Azure for Students.;/subscriptions/8eef52e8-b918-4aec-8a36-fb2218e65f77;Azure for Students;appinsights_ensure_is_configured;False;ProwlerThreatScore;Prowler ThreatScore Compliance Framework for Azure
azure;Prowler ThreatScore Compliance Framework for Azure ensures that the Azure subscription is compliant taking into account four main pillars: Identity and Access Management, Attack Surface, Forensic Readiness and Encryption;8eef52e8-b918-4aec-8a36-fb2218e65f77;global;2026-04-28 11:13:20.020918;3.3.21;Ensure That Microsoft Defender for DNS Is Set To 'On';Defender for DNS Is Set To 'On';3. Logging and Monitoring;3.3 Monitoring;Enable Microsoft Defender for DNS to monitor and scan outgoing DNS traffic within a subscription for potential security threats. (Note: As of August 1, 2023, new subscribers receive DNS threat alerts as part of Defender for Servers P2.);Defender for DNS analyzes DNS queries against a dynamic threat intelligence list to detect potential malicious activity, compromised services, or security breaches. Monitoring DNS lookups helps identify and prevent threats such as data exfiltration, command and control (C2) communications, and phishing attacks, improving overall network security.;4;100;FAIL;Defender plan Defender for DNS from subscription Azure for Students is set to OFF (pricing tier not standard).;/subscriptions/8eef52e8-b918-4aec-8a36-fb2218e65f77/providers/Microsoft.Security/pricings/Dns;Defender plan DNS;defender_ensure_defender_for_dns_is_on;False;ProwlerThreatScore;Prowler ThreatScore Compliance Framework for Azure
azure;Prowler ThreatScore Compliance Framework for Azure ensures that the Azure subscription is compliant taking into account four main pillars: Identity and Access Management, Attack Surface, Forensic Readiness and Encryption;8eef52e8-b918-4aec-8a36-fb2218e65f77;global;2026-04-28 11:13:20.020918;3.3.3;Ensure that Activity Log Alert exists for Create Policy Assignment;Activity Log Alert exists for Create Policy Assignment;3. Logging and Monitoring;3.3 Monitoring;Create an activity log alert for the Create Policy Assignment event to track changes in Azure Policy assignments.;Monitoring policy assignment events helps detect unauthorized or unintended changes in Azure policies, providing greater visibility and reducing the time required to identify and respond to policy modifications.;4;100;FAIL;There is not an alert for creating Policy Assignments in subscription Azure for Students.;/subscriptions/8eef52e8-b918-4aec-8a36-fb2218e65f77;Azure for Students;monitor_alert_create_policy_assignment;False;ProwlerThreatScore;Prowler ThreatScore Compliance Framework for Azure
azure;Prowler ThreatScore Compliance Framework for Azure ensures that the Azure subscription is compliant taking into account four main pillars: Identity and Access Management, Attack Surface, Forensic Readiness and Encryption;8eef52e8-b918-4aec-8a36-fb2218e65f77;global;2026-04-28 11:13:20.020918;3.3.5;Ensure that Activity Log Alert exists for Create or Update Network Security Group;Activity Log Alert exists for Create or Update Network Security Group;3. Logging and Monitoring;3.3 Monitoring;Create an Activity Log Alert for the Create or Update Network Security Group (NSG) event to track changes in network security configurations.;Monitoring NSG creation and updates provides visibility into network access changes, helping to detect unauthorized modifications and identify potential security risks in a timely manner.;4;100;FAIL;There is not an alert for creating/updating Network Security Groups in subscription Azure for Students.;/subscriptions/8eef52e8-b918-4aec-8a36-fb2218e65f77;Azure for Students;monitor_alert_create_update_nsg;False;ProwlerThreatScore;Prowler ThreatScore Compliance Framework for Azure
azure;Prowler ThreatScore Compliance Framework for Azure ensures that the Azure subscription is compliant taking into account four main pillars: Identity and Access Management, Attack Surface, Forensic Readiness and Encryption;8eef52e8-b918-4aec-8a36-fb2218e65f77;global;2026-04-28 11:13:20.020918;3.3.11;Ensure that Activity Log Alert exists for Create or Update Public IP Address rule;Activity Log Alert exists for Create or Update Public IP Address rule;3. Logging and Monitoring;3.3 Monitoring;Create an Activity Log Alert for the Create or Update Public IP Address event to monitor changes in public IP configurations.;Tracking public IP address modifications provides visibility into network access changes, helping detect unauthorized or misconfigured public exposure. Timely alerts enable faster detection and response to potential security risks, ensuring a controlled and secure network environment.;4;100;FAIL;There is not an alert for creating/updating Public IP address rule in subscription Azure for Students.;/subscriptions/8eef52e8-b918-4aec-8a36-fb2218e65f77;Azure for Students;monitor_alert_create_update_public_ip_address_rule;False;ProwlerThreatScore;Prowler ThreatScore Compliance Framework for Azure
azure;Prowler ThreatScore Compliance Framework for Azure ensures that the Azure subscription is compliant taking into account four main pillars: Identity and Access Management, Attack Surface, Forensic Readiness and Encryption;8eef52e8-b918-4aec-8a36-fb2218e65f77;global;2026-04-28 11:13:20.020918;3.3.7;Ensure that Activity Log Alert exists for Create or Update Security Solution;Activity Log Alert exists for Create or Update Security Solution;3. Logging and Monitoring;3.3 Monitoring;Create an Activity Log Alert for the Create or Update Security Solution event to track modifications to security solutions in your environment.;Monitoring security solution changes provides visibility into updates, additions, or modifications to active security configurations. This helps detect unauthorized changes or suspicious activity and ensures that security controls remain properly configured.;4;100;FAIL;There is not an alert for creating/updating Security Solution in subscription Azure for Students.;/subscriptions/8eef52e8-b918-4aec-8a36-fb2218e65f77;Azure for Students;monitor_alert_create_update_security_solution;False;ProwlerThreatScore;Prowler ThreatScore Compliance Framework for Azure
azure;Prowler ThreatScore Compliance Framework for Azure ensures that the Azure subscription is compliant taking into account four main pillars: Identity and Access Management, Attack Surface, Forensic Readiness and Encryption;8eef52e8-b918-4aec-8a36-fb2218e65f77;global;2026-04-28 11:13:20.020918;3.3.9;Ensure that Activity Log Alert exists for Create or Update SQL Server Firewall Rule;Activity Log Alert exists for Create or Update SQL Server Firewall Rule;3. Logging and Monitoring;3.3 Monitoring;Create an Activity Log Alert for the Create or Update SQL Server Firewall Rule event to track changes in SQL Server firewall configurations.;Monitoring firewall rule modifications provides visibility into network access changes, helping detect unauthorized updates that could expose the database to security risks. Timely alerts can reduce the time needed to identify and respond to suspicious activity, ensuring a secure SQL environment.;4;100;FAIL;There is not an alert for creating/updating SQL Server firewall rule in subscription Azure for Students.;/subscriptions/8eef52e8-b918-4aec-8a36-fb2218e65f77;Azure for Students;monitor_alert_create_update_sqlserver_fr;False;ProwlerThreatScore;Prowler ThreatScore Compliance Framework for Azure
azure;Prowler ThreatScore Compliance Framework for Azure ensures that the Azure subscription is compliant taking into account four main pillars: Identity and Access Management, Attack Surface, Forensic Readiness and Encryption;8eef52e8-b918-4aec-8a36-fb2218e65f77;global;2026-04-28 11:13:20.020918;3.3.6;Ensure that Activity Log Alert exists for Delete Network Security Group;Activity Log Alert exists for Delete Network Security Group;3. Logging and Monitoring;3.3 Monitoring;Create an Activity Log Alert for the Delete Network Security Group (NSG) event to monitor and track network security group removals.;Monitoring NSG deletions provides visibility into network access changes, helping to detect unauthorized modifications and identify potential security threats before they impact the environment.;4;100;FAIL;There is not an alert for deleting Network Security Groups in subscription Azure for Students.;/subscriptions/8eef52e8-b918-4aec-8a36-fb2218e65f77;Azure for Students;monitor_alert_delete_nsg;False;ProwlerThreatScore;Prowler ThreatScore Compliance Framework for Azure
azure;Prowler ThreatScore Compliance Framework for Azure ensures that the Azure subscription is compliant taking into account four main pillars: Identity and Access Management, Attack Surface, Forensic Readiness and Encryption;8eef52e8-b918-4aec-8a36-fb2218e65f77;global;2026-04-28 11:13:20.020918;3.3.4;Ensure that Activity Log Alert exists for Delete Policy Assignment;Activity Log Alert exists for Delete Policy Assignment;3. Logging and Monitoring;3.3 Monitoring;Create an activity log alert for the Delete Policy Assignment event to monitor and track policy removal activities in Azure Policy assignments.;Monitoring policy deletions helps detect unauthorized or unintended changes, ensuring policy integrity and reducing the time required to identify and respond to security or compliance violations.;4;100;FAIL;There is not an alert for deleting policy assignment in subscription Azure for Students.;/subscriptions/8eef52e8-b918-4aec-8a36-fb2218e65f77;Azure for Students;monitor_alert_delete_policy_assignment;False;ProwlerThreatScore;Prowler ThreatScore Compliance Framework for Azure
azure;Prowler ThreatScore Compliance Framework for Azure ensures that the Azure subscription is compliant taking into account four main pillars: Identity and Access Management, Attack Surface, Forensic Readiness and Encryption;8eef52e8-b918-4aec-8a36-fb2218e65f77;global;2026-04-28 11:13:20.020918;3.3.12;Ensure that Activity Log Alert exists for Delete Public IP Address rule;Activity Log Alert exists for Delete Public IP Address rule;3. Logging and Monitoring;3.3 Monitoring;Create an Activity Log Alert for the Delete Public IP Address event to monitor and track the removal of public IP addresses.;Monitoring public IP deletions helps detect unauthorized or accidental changes that could impact network accessibility or security. Timely alerts enable quick investigation and response, ensuring that critical network configurations remain intact and secure.;4;100;FAIL;There is not an alert for deleting public IP address rule in subscription Azure for Students.;/subscriptions/8eef52e8-b918-4aec-8a36-fb2218e65f77;Azure for Students;monitor_alert_delete_public_ip_address_rule;False;ProwlerThreatScore;Prowler ThreatScore Compliance Framework for Azure
azure;Prowler ThreatScore Compliance Framework for Azure ensures that the Azure subscription is compliant taking into account four main pillars: Identity and Access Management, Attack Surface, Forensic Readiness and Encryption;8eef52e8-b918-4aec-8a36-fb2218e65f77;global;2026-04-28 11:13:20.020918;3.3.8;Ensure that Activity Log Alert exists for Delete Security Solution;Activity Log Alert exists for Delete Security Solution;3. Logging and Monitoring;3.3 Monitoring;Create an Activity Log Alert for the Delete Security Solution event to monitor and track the removal of security solutions in your environment.;Monitoring security solution deletions helps detect unauthorized removals or suspicious activity, ensuring that critical security controls are not accidentally or maliciously disabled. This improves security visibility and helps maintain a strong security posture.;4;100;FAIL;There is not an alert for deleting Security Solution in subscription Azure for Students.;/subscriptions/8eef52e8-b918-4aec-8a36-fb2218e65f77;Azure for Students;monitor_alert_delete_security_solution;False;ProwlerThreatScore;Prowler ThreatScore Compliance Framework for Azure
azure;Prowler ThreatScore Compliance Framework for Azure ensures that the Azure subscription is compliant taking into account four main pillars: Identity and Access Management, Attack Surface, Forensic Readiness and Encryption;8eef52e8-b918-4aec-8a36-fb2218e65f77;global;2026-04-28 11:13:20.020918;3.3.10;Ensure that Activity Log Alert exists for Delete SQL Server Firewall Rule;Activity Log Alert exists for Delete SQL Server Firewall Rule;3. Logging and Monitoring;3.3 Monitoring;Create an Activity Log Alert for the Delete SQL Server Firewall Rule event to monitor and track firewall rule removals in SQL Server.;Monitoring firewall rule deletions helps detect unauthorized or accidental changes that could expose the database to security risks. Timely alerts ensure quick detection and response to prevent unauthorized network access and maintain a secure SQL environment.;4;100;FAIL;There is not an alert for deleting SQL Server firewall rule in subscription Azure for Students.;/subscriptions/8eef52e8-b918-4aec-8a36-fb2218e65f77;Azure for Students;monitor_alert_delete_sqlserver_fr;False;ProwlerThreatScore;Prowler ThreatScore Compliance Framework for Azure
azure;Prowler ThreatScore Compliance Framework for Azure ensures that the Azure subscription is compliant taking into account four main pillars: Identity and Access Management, Attack Surface, Forensic Readiness and Encryption;8eef52e8-b918-4aec-8a36-fb2218e65f77;global;2026-04-28 11:13:20.020918;3.3.2;Ensure Diagnostic Setting captures appropriate categories;Diagnostic Setting captures appropriate categories;3. Logging and Monitoring;3.3 Monitoring;Ensure that Diagnostic Settings are configured to log relevant control and management plane activities for enhanced visibility and security monitoring. (Note: A Diagnostic Setting must exist for this configuration to be available.);Diagnostic settings determine how logs are exported and stored. Capturing logs from the control and management plane enables proper alerting, monitoring, and analysis of administrative actions, helping to detect unauthorized changes and security threats.;3;10;FAIL;No diagnostic setting captures all appropriate categories (Administrative, Security, Alert, Policy) in subscription Azure for Students.;/subscriptions/8eef52e8-b918-4aec-8a36-fb2218e65f77;Azure for Students;monitor_diagnostic_setting_with_appropriate_categories;False;ProwlerThreatScore;Prowler ThreatScore Compliance Framework for Azure
azure;Prowler ThreatScore Compliance Framework for Azure ensures that the Azure subscription is compliant taking into account four main pillars: Identity and Access Management, Attack Surface, Forensic Readiness and Encryption;8eef52e8-b918-4aec-8a36-fb2218e65f77;global;2026-04-28 11:13:20.020918;3.2.3;Ensure that a 'Diagnostic Setting' exists for Subscription Activity Logs;Diagnostic Setting' exists for Subscription Activity Logs;3. Logging and Monitoring;3.2 Retention;Enable Diagnostic Settings to export activity logs for all appropriate resources within a subscription, ensuring long-term visibility into security and operational events.;By default, logs are retained for only 90 days. Configuring diagnostic settings allows logs to be exported and stored for extended periods, enabling security analysis, compliance monitoring, and forensic investigations within an Azure subscription.;3;10;FAIL;No diagnostic settings found in subscription Azure for Students.;/subscriptions/8eef52e8-b918-4aec-8a36-fb2218e65f77;Azure for Students;monitor_diagnostic_settings_exists;False;ProwlerThreatScore;Prowler ThreatScore Compliance Framework for Azure
azure;Prowler ThreatScore Compliance Framework for Azure ensures that the Azure subscription is compliant taking into account four main pillars: Identity and Access Management, Attack Surface, Forensic Readiness and Encryption;8eef52e8-b918-4aec-8a36-fb2218e65f77;global;2026-04-28 11:13:20.020918;2.1.5;Ensure an Azure Bastion Host Exists;Ensure Azure Bastion Host Exists;2. Attack Surface;2.1 Network;Enable Azure Bastion to securely access Azure Virtual Machines (VMs) over the internet without exposing RDP (3389/TCP) or SSH (22/TCP) ports directly to the public network. Azure Bastion provides remote access through TLS (443/TCP) while integrating with Azure Active Directory (AAD) security policies.;Using Azure Bastion eliminates the need to assign public IP addresses to VMs, reducing exposure to brute-force attacks and unauthorized access. It enhances security by enabling browser-based RDP/SSH access, leveraging Azure Active Directory controls, and supporting Multi-Factor Authentication (MFA), Conditional Access Policies, and other hardening measures for a centralized and secure access solution.;2;8;FAIL;Bastion Host from subscription Azure for Students does not exist;/subscriptions/8eef52e8-b918-4aec-8a36-fb2218e65f77;Azure for Students;network_bastion_host_exists;False;ProwlerThreatScore;Prowler ThreatScore Compliance Framework for Azure
azure;Prowler ThreatScore Compliance Framework for Azure ensures that the Azure subscription is compliant taking into account four main pillars: Identity and Access Management, Attack Surface, Forensic Readiness and Encryption;8eef52e8-b918-4aec-8a36-fb2218e65f77;norwayeast;2026-04-28 11:13:20.020918;3.1.8;Ensure that Network Security Group Flow logs are captured and sent to Log Analytics;Network Security Group Flow logs are captured and sent to Log Analytics;3. Logging and Monitoring;3.1 Logging;Ensure that network flow logs are collected and sent to a central Log Analytics workspace for monitoring and analysis.;Capturing network flow logs provides visibility into traffic patterns across your network, helping detect anomalies, potential lateral movement, and security threats. These logs integrate with Azure Monitor and Azure Sentinel, enabling advanced analytics and visualization for improved network security and incident response.;4;100;FAIL;Network Watcher NetworkWatcher_norwayeast from subscription Azure for Students has no flow logs;/subscriptions/8eef52e8-b918-4aec-8a36-fb2218e65f77/resourceGroups/NetworkWatcherRG/providers/Microsoft.Network/networkWatchers/NetworkWatcher_norwayeast;NetworkWatcher_norwayeast;network_flow_log_captured_sent;False;ProwlerThreatScore;Prowler ThreatScore Compliance Framework for Azure
azure;Prowler ThreatScore Compliance Framework for Azure ensures that the Azure subscription is compliant taking into account four main pillars: Identity and Access Management, Attack Surface, Forensic Readiness and Encryption;8eef52e8-b918-4aec-8a36-fb2218e65f77;norwayeast;2026-04-28 11:13:20.020918;3.2.1;Ensure that 'Auditing' Retention is 'greater than 90 days';Auditing' Retention is 'greater than 90 days';3. Logging and Monitoring;3.2 Retention;Configure SQL Server Audit Retention to retain logs for more than 90 days to ensure long-term visibility into database activity and security events.;Maintaining audit logs for over 90 days helps detect anomalies, security breaches, and unauthorized access. Longer retention periods allow organizations to analyze historical data, support compliance requirements, and strengthen forensic investigations.;3;10;FAIL;Network Watcher NetworkWatcher_norwayeast from subscription Azure for Students has no flow logs;/subscriptions/8eef52e8-b918-4aec-8a36-fb2218e65f77/resourceGroups/NetworkWatcherRG/providers/Microsoft.Network/networkWatchers/NetworkWatcher_norwayeast;NetworkWatcher_norwayeast;network_flow_log_more_than_90_days;False;ProwlerThreatScore;Prowler ThreatScore Compliance Framework for Azure
azure;Prowler ThreatScore Compliance Framework for Azure ensures that the Azure subscription is compliant taking into account four main pillars: Identity and Access Management, Attack Surface, Forensic Readiness and Encryption;8eef52e8-b918-4aec-8a36-fb2218e65f77;norwayeast;2026-04-28 11:13:20.020918;3.2.1;Ensure that Network Security Group Flow Log retention period is 'greater than 90 days';Network Security Group Flow Log retention period is 'greater than 90 days';3. Logging and Monitoring;3.2 Retention;Enable Network Security Group (NSG) Flow Logs and configure the retention period to at least 90 days to capture and store IP traffic data for security monitoring and analysis.;NSG Flow Logs provide visibility into network traffic, helping detect anomalies, unauthorized access, and potential security breaches. Retaining logs for at least 90 days ensures that historical data is available for incident investigation, compliance, and forensic analysis, strengthening overall network security monitoring.;3;10;FAIL;Network Watcher NetworkWatcher_norwayeast from subscription Azure for Students has no flow logs;/subscriptions/8eef52e8-b918-4aec-8a36-fb2218e65f77/resourceGroups/NetworkWatcherRG/providers/Microsoft.Network/networkWatchers/NetworkWatcher_norwayeast;NetworkWatcher_norwayeast;network_flow_log_more_than_90_days;False;ProwlerThreatScore;Prowler ThreatScore Compliance Framework for Azure
azure;Prowler ThreatScore Compliance Framework for Azure ensures that the Azure subscription is compliant taking into account four main pillars: Identity and Access Management, Attack Surface, Forensic Readiness and Encryption;8eef52e8-b918-4aec-8a36-fb2218e65f77;global;2026-04-28 11:13:20.020918;3.3.14;Ensure that Network Watcher is 'Enabled' for Azure Regions that are in use;Network Watcher 'Enabled' for used Regions;3. Logging and Monitoring;3.3 Monitoring;Enable Network Watcher for all Azure regions within your subscription to monitor and diagnose network activity.;Network Watcher provides network diagnostic and visualization tools that help organizations analyze traffic, troubleshoot connectivity issues, and detect anomalies. Enabling it enhances network visibility, security monitoring, and operational insights across Azure environments.;3;10;FAIL;Network Watcher is not enabled for the following locations in subscription 'Azure for Students': southafricawest, australiacentral, switzerlandnorth, israelcentral, centralindia, canadaeast, germanywestcentral, centralus, australiacentral2, canadacentral, eastasia, polandcentral, swedencentral, francesouth, italynorth, qatarcentral, uksouth, westeurope, malaysiawest, westindia, westcentralus, eastus2, francecentral, southafricanorth, australiaeast, switzerlandwest, austriaeast, japaneast, uaecentral, belgiumcentral, brazilsoutheast, southeastasia, spaincentral, brazilsouth, northeurope, germanynorth, koreacentral, jioindiacentral, jioindiawest, newzealandnorth, indonesiacentral, uaenorth, ukwest, westus3, westus2, southcentralus, eastus, norwaywest, southindia, denmarkeast, mexicocentral, koreasouth, westus, japanwest, northcentralus, australiasoutheast, chilecentral.;/subscriptions/8eef52e8-b918-4aec-8a36-fb2218e65f77;Azure for Students;network_watcher_enabled;False;ProwlerThreatScore;Prowler ThreatScore Compliance Framework for Azure
azure;Prowler ThreatScore Compliance Framework for Azure ensures that the Azure subscription is compliant taking into account four main pillars: Identity and Access Management, Attack Surface, Forensic Readiness and Encryption;8eef52e8-b918-4aec-8a36-fb2218e65f77;global;2026-04-28 11:13:20.020918;3.3.17;Ensure that Microsoft Cloud Security Benchmark policies are not set to 'Disabled';Microsoft Cloud Security Benchmark policies are not set to 'Disabled';3. Logging and Monitoring;3.3 Monitoring;Ensure that all Microsoft Cloud Security Benchmark (MCSB) policies are enabled to effectively evaluate resource configurations against best practice security recommendations.;The MCSB Policy Initiative enforces security best practices and helps ensure compliance with organizational and regulatory requirements. If a policy’s Effect is set to Disabled, it will not be evaluated, potentially preventing administrators from detecting security misconfigurations. Keeping all MCSB policies enabled allows Microsoft Defender for Cloud to assess relevant resources and provide actionable security insights to strengthen cloud security.;3;10;PASS;Policy assigment '/subscriptions/8eef52e8-b918-4aec-8a36-fb2218e65f77/providers/Microsoft.Authorization/policyAssignments/SecurityCenterBuiltIn' is configured with enforcement mode 'Default'.;/subscriptions/8eef52e8-b918-4aec-8a36-fb2218e65f77/providers/Microsoft.Authorization/policyAssignments/SecurityCenterBuiltIn;SecurityCenterBuiltIn;policy_ensure_asc_enforcement_enabled;False;ProwlerThreatScore;Prowler ThreatScore Compliance Framework for Azure
azure;Prowler ThreatScore Compliance Framework for Azure ensures that the Azure subscription is compliant taking into account four main pillars: Identity and Access Management, Attack Surface, Forensic Readiness and Encryption;8eef52e8-b918-4aec-8a36-fb2218e65f77;norwayeast;2026-04-28 11:13:20.020918;2.2.6;Ensure that 'Public Network Access' is 'Disabled' for storage accounts;Public Network Access' is 'Disabled' for storage accounts;2. Attack Surface;2.2 Storage;Disable public network access for Azure Storage accounts, ensuring that access settings for individual containers cannot override this restriction. This applies to Azure Resource Manager deployment model storage accounts, as classic deployment model accounts will be retired by August 31, 2024.;By default, Azure Storage accounts allow users with appropriate permissions to enable public access to containers and blobs, granting read-only access without requiring authentication. To minimize the risk of unauthorized data exposure, public access should be restricted unless explicitly required. Instead, use Azure AD RBAC or shared access signatures (SAS) to grant controlled and time-limited access to storage resources.;3;10;PASS;Storage account sttfstateghassen01 from subscription Azure for Students has allow blob public access disabled.;/subscriptions/8eef52e8-b918-4aec-8a36-fb2218e65f77/resourceGroups/rg-terraform-state/providers/Microsoft.Storage/storageAccounts/sttfstateghassen01;sttfstateghassen01;storage_blob_public_access_level_is_disabled;False;ProwlerThreatScore;Prowler ThreatScore Compliance Framework for Azure
azure;Prowler ThreatScore Compliance Framework for Azure ensures that the Azure subscription is compliant taking into account four main pillars: Identity and Access Management, Attack Surface, Forensic Readiness and Encryption;8eef52e8-b918-4aec-8a36-fb2218e65f77;norwayeast;2026-04-28 11:13:20.020918;2.2.7;Ensure Default Network Access Rule for Storage Accounts is Set to Deny;Default Network Access Rule for Storage Accounts is Set to Deny;2. Attack Surface;2.2 Storage;Restricting default network access enhances security by preventing unrestricted connections to Azure Storage accounts. By default, storage accounts accept connections from any network, so access should be limited to selected networks by modifying the default configuration.;Storage accounts should deny access from all networks by default, except for explicitly allowed Azure Virtual Networks or specific IP address ranges. This approach creates a secure network boundary, ensuring only authorized applications can connect. Even when network rules allow access, proper authentication (via access keys or SAS tokens) is still required, adding an extra layer of security.;2;8;FAIL;Storage account sttfstateghassen01 from subscription Azure for Students has network access rule set to Allow.;/subscriptions/8eef52e8-b918-4aec-8a36-fb2218e65f77/resourceGroups/rg-terraform-state/providers/Microsoft.Storage/storageAccounts/sttfstateghassen01;sttfstateghassen01;storage_default_network_access_rule_is_denied;False;ProwlerThreatScore;Prowler ThreatScore Compliance Framework for Azure
azure;Prowler ThreatScore Compliance Framework for Azure ensures that the Azure subscription is compliant taking into account four main pillars: Identity and Access Management, Attack Surface, Forensic Readiness and Encryption;8eef52e8-b918-4aec-8a36-fb2218e65f77;norwayeast;2026-04-28 11:13:20.020918;2.2.8;Ensure 'Allow Azure services on the trusted services list to access this storage account' is Enabled for Storage Account Access;Allow Azure services on the trusted services list to access this storage account' is Enabled for Storage Account Access;2. Attack Surface;2.2 Storage;This recommendation assumes that public network access is set to “Enabled from selected virtual networks and IP addresses” and that the default network access rule for storage accounts is set to deny. Some Azure services require access to storage accounts from networks that cannot be explicitly granted permissions through network rules. To allow these services to function properly, enable the trusted Azure services exception, which allows selected Azure services to bypass network restrictions while still enforcing strong authentication.;Enabling firewall rules on a storage account blocks access to all incoming requests, including those from other Azure services. Allowing access to trusted Azure services ensures that essential Azure functions, such as Azure Backup, Event Grid, Monitor, and Site Recovery, can interact with storage accounts securely without exposing them to broader public access.;2;8;PASS;Storage account sttfstateghassen01 from subscription Azure for Students allows trusted Microsoft services to access this storage account.;/subscriptions/8eef52e8-b918-4aec-8a36-fb2218e65f77/resourceGroups/rg-terraform-state/providers/Microsoft.Storage/storageAccounts/sttfstateghassen01;sttfstateghassen01;storage_ensure_azure_services_are_trusted_to_access_is_enabled;False;ProwlerThreatScore;Prowler ThreatScore Compliance Framework for Azure
azure;Prowler ThreatScore Compliance Framework for Azure ensures that the Azure subscription is compliant taking into account four main pillars: Identity and Access Management, Attack Surface, Forensic Readiness and Encryption;8eef52e8-b918-4aec-8a36-fb2218e65f77;norwayeast;2026-04-28 11:13:20.020918;4.2.1;Ensure Storage for Critical Data are Encrypted with Customer Managed Keys (CMK);Storage for Critical Data are Encrypted CMK;4. Encryption;4.2 At-Rest;Enable encryption at rest using Customer Managed Keys (CMK) instead of Microsoft Managed Keys to maintain greater control over sensitive data encryption in Azure Storage accounts.;By default, Azure encrypts all storage resources (blobs, disks, files, queues, and tables) using Microsoft Managed Keys. However, using Customer Managed Keys (CMK) allows organizations to control, manage, and rotate their encryption keys through Azure Key Vault, ensuring compliance with security policies. CMKs also support automatic key version updates for enhanced security. Since this recommendation applies specifically to storage accounts holding critical data, its assessment remains manual rather than automated.;4;100;FAIL;Storage account sttfstateghassen01 from subscription Azure for Students does not encrypt with CMKs.;/subscriptions/8eef52e8-b918-4aec-8a36-fb2218e65f77/resourceGroups/rg-terraform-state/providers/Microsoft.Storage/storageAccounts/sttfstateghassen01;sttfstateghassen01;storage_ensure_encryption_with_customer_managed_keys;False;ProwlerThreatScore;Prowler ThreatScore Compliance Framework for Azure
azure;Prowler ThreatScore Compliance Framework for Azure ensures that the Azure subscription is compliant taking into account four main pillars: Identity and Access Management, Attack Surface, Forensic Readiness and Encryption;8eef52e8-b918-4aec-8a36-fb2218e65f77;norwayeast;2026-04-28 11:13:20.020918;4.1.3;Ensure the 'Minimum TLS version' for storage accounts is set to 'Version 1.2';Minimum TLS version' for storage accounts is set to 'Version 1.2';4. Encryption;4.1 In-Transit;Ensure that the minimum TLS version for Azure Storage is set to TLS 1.2 or higher to mitigate security vulnerabilities associated with older TLS versions.;TLS 1.0 is outdated and has known security vulnerabilities that can expose data in transit to attacks and interception. Upgrading to TLS 1.2 or later enhances encryption security, ensuring secure communication between clients and Azure Storage while reducing the risk of data compromise.;2;8;PASS;Storage account sttfstateghassen01 from subscription Azure for Students has TLS version set to 1.2.;/subscriptions/8eef52e8-b918-4aec-8a36-fb2218e65f77/resourceGroups/rg-terraform-state/providers/Microsoft.Storage/storageAccounts/sttfstateghassen01;sttfstateghassen01;storage_ensure_minimum_tls_version_12;False;ProwlerThreatScore;Prowler ThreatScore Compliance Framework for Azure
azure;Prowler ThreatScore Compliance Framework for Azure ensures that the Azure subscription is compliant taking into account four main pillars: Identity and Access Management, Attack Surface, Forensic Readiness and Encryption;8eef52e8-b918-4aec-8a36-fb2218e65f77;norwayeast;2026-04-28 11:13:20.020918;2.2.9;Ensure Private Endpoints are used to access Storage Accounts;Private Endpoint used to access Storage Accounts;2. Attack Surface;2.2 Storage;Use private endpoints for Azure Storage accounts to enable secure, encrypted access over a Private Link. Private endpoints assign an IP address from the Virtual Network (VNet) for each service, ensuring that network traffic remains isolated and encrypted within the VNet. This configuration helps segment network traffic, preventing external access while allowing secure communication between services. Additionally, VNets can extend addressing spaces or act as secure tunnels over public networks, connecting remote infrastructures securely.;Encrypting traffic between services protects sensitive data from interception and unauthorized access. Using private endpoints ensures that data remains within a controlled network environment, reducing exposure to external threats and enhancing overall security posture.;2;8;FAIL;Storage account sttfstateghassen01 from subscription Azure for Students does not have private endpoint connections.;/subscriptions/8eef52e8-b918-4aec-8a36-fb2218e65f77/resourceGroups/rg-terraform-state/providers/Microsoft.Storage/storageAccounts/sttfstateghassen01;sttfstateghassen01;storage_ensure_private_endpoints_in_storage_accounts;False;ProwlerThreatScore;Prowler ThreatScore Compliance Framework for Azure
