PROVIDER;DESCRIPTION;SUBSCRIPTIONID;LOCATION;ASSESSMENTDATE;REQUIREMENTS_ID;REQUIREMENTS_DESCRIPTION;REQUIREMENTS_ATTRIBUTES_IDGRUPOCONTROL;REQUIREMENTS_ATTRIBUTES_MARCO;REQUIREMENTS_ATTRIBUTES_CATEGORIA;REQUIREMENTS_ATTRIBUTES_DESCRIPCIONCONTROL;REQUIREMENTS_ATTRIBUTES_NIVEL;REQUIREMENTS_ATTRIBUTES_TIPO;REQUIREMENTS_ATTRIBUTES_DIMENSIONES;REQUIREMENTS_ATTRIBUTES_MODOEJECUCION;REQUIREMENTS_ATTRIBUTES_DEPENDENCIAS;STATUS;STATUSEXTENDED;RESOURCEID;CHECKID;MUTED;RESOURCENAME;FRAMEWORK;NAME
azure;The accreditation scheme of the ENS (National Security Scheme) has been developed by the Ministry of Finance and Public Administrations and the CCN (National Cryptological Center). This includes the basic principles and minimum requirements necessary for the adequate protection of information.;Azure for Students;global;2026-04-28 01:21:11.393465;mp.s.4.r1.az.nt.2;Detección y reacción;mp.s.4.r1;medidas de protección;protección de los servicios;Habilitar la supervisión del rendimiento de aplicaciones para los servicios en la nube;alto;requisito;disponibilidad;automático;;FAIL;There are no AppInsight configured in subscription Azure for Students.;/subscriptions/8eef52e8-b918-4aec-8a36-fb2218e65f77;appinsights_ensure_is_configured;False;Azure for Students;ENS;ENS RD 311/2022 - Categoría Alta
azure;The accreditation scheme of the ENS (National Security Scheme) has been developed by the Ministry of Finance and Public Administrations and the CCN (National Cryptological Center). This includes the basic principles and minimum requirements necessary for the adequate protection of information.;Azure for Students;global;2026-04-28 01:21:11.393465;op.mon.3.r2.az.de.1;Análisis dinámico;op.mon.3.r2 ;operacional;monitorización del sistema;Activar log analícs de Defender para la detección automática de eventos de seguridad.;alto;refuerzo;confidencialidad,integridad,trazabilidad,autenticidad,disponibilidad;automático;;FAIL;Defender Auto Provisioning Log Analytics Agents from subscription Azure for Students is set to OFF.;/subscriptions/8eef52e8-b918-4aec-8a36-fb2218e65f77/providers/Microsoft.Security/autoProvisioningSettings/default;defender_auto_provisioning_log_analytics_agent_vms_on;False;default;ENS;ENS RD 311/2022 - Categoría Alta
azure;The accreditation scheme of the ENS (National Security Scheme) has been developed by the Ministry of Finance and Public Administrations and the CCN (National Cryptological Center). This includes the basic principles and minimum requirements necessary for the adequate protection of information.;Azure for Students;global;2026-04-28 01:21:11.393465;mp.s.4.r1.az.nt.5;Detección y reacción;mp.s.4.r1;medidas de protección;protección de los servicios;Habilitar defender para los servicios de almacenamiento en la nube;alto;requisito;disponibilidad;automático;;FAIL;Defender Auto Provisioning Log Analytics Agents from subscription Azure for Students is set to OFF.;/subscriptions/8eef52e8-b918-4aec-8a36-fb2218e65f77/providers/Microsoft.Security/autoProvisioningSettings/default;defender_auto_provisioning_log_analytics_agent_vms_on;False;default;ENS;ENS RD 311/2022 - Categoría Alta
azure;The accreditation scheme of the ENS (National Security Scheme) has been developed by the Ministry of Finance and Public Administrations and the CCN (National Cryptological Center). This includes the basic principles and minimum requirements necessary for the adequate protection of information.;Azure for Students;global;2026-04-28 01:21:11.393465;mp.s.4.r1.az.nt.3;Detección y reacción;mp.s.4.r1;medidas de protección;protección de los servicios;Habilitar defender para los servicios de aplicaciones en la nube;alto;requisito;disponibilidad;automático;;FAIL;Defender plan Defender for App Services from subscription Azure for Students is set to OFF (pricing tier not standard).;/subscriptions/8eef52e8-b918-4aec-8a36-fb2218e65f77/providers/Microsoft.Security/pricings/AppServices;defender_ensure_defender_for_app_services_is_on;False;Defender plan App Services;ENS;ENS RD 311/2022 - Categoría Alta
azure;The accreditation scheme of the ENS (National Security Scheme) has been developed by the Ministry of Finance and Public Administrations and the CCN (National Cryptological Center). This includes the basic principles and minimum requirements necessary for the adequate protection of information.;Azure for Students;global;2026-04-28 01:21:11.393465;mp.s.4.r1.az.nt.3;Detección y reacción;mp.s.4.r1;medidas de protección;protección de los servicios;Habilitar defender para los servicios de aplicaciones en la nube;alto;requisito;disponibilidad;automático;;FAIL;Defender plan Defender for ARM from subscription Azure for Students is set to OFF (pricing tier not standard).;/subscriptions/8eef52e8-b918-4aec-8a36-fb2218e65f77/providers/Microsoft.Security/pricings/Arm;defender_ensure_defender_for_arm_is_on;False;Defender plan ARM;ENS;ENS RD 311/2022 - Categoría Alta
azure;The accreditation scheme of the ENS (National Security Scheme) has been developed by the Ministry of Finance and Public Administrations and the CCN (National Cryptological Center). This includes the basic principles and minimum requirements necessary for the adequate protection of information.;Azure for Students;global;2026-04-28 01:21:11.393465;mp.s.4.r1.az.nt.4;Detección y reacción;mp.s.4.r1;medidas de protección;protección de los servicios;Habilitar defender para los servicios de bases de datos en la nube;alto;requisito;disponibilidad;automático;;FAIL;Defender plan Defender for Azure SQL DB Servers from subscription Azure for Students is set to OFF (pricing tier not standard).;/subscriptions/8eef52e8-b918-4aec-8a36-fb2218e65f77/providers/Microsoft.Security/pricings/SqlServers;defender_ensure_defender_for_azure_sql_databases_is_on;False;SqlServers;ENS;ENS RD 311/2022 - Categoría Alta
azure;The accreditation scheme of the ENS (National Security Scheme) has been developed by the Ministry of Finance and Public Administrations and the CCN (National Cryptological Center). This includes the basic principles and minimum requirements necessary for the adequate protection of information.;Azure for Students;global;2026-04-28 01:21:11.393465;mp.s.4.r1.az.nt.3;Detección y reacción;mp.s.4.r1;medidas de protección;protección de los servicios;Habilitar defender para los servicios de aplicaciones en la nube;alto;requisito;disponibilidad;automático;;FAIL;Defender plan Defender for Containers from subscription Azure for Students is set to OFF (pricing tier not standard).;/subscriptions/8eef52e8-b918-4aec-8a36-fb2218e65f77/providers/Microsoft.Security/pricings/Containers;defender_ensure_defender_for_containers_is_on;False;Containers;ENS;ENS RD 311/2022 - Categoría Alta
azure;The accreditation scheme of the ENS (National Security Scheme) has been developed by the Ministry of Finance and Public Administrations and the CCN (National Cryptological Center). This includes the basic principles and minimum requirements necessary for the adequate protection of information.;Azure for Students;global;2026-04-28 01:21:11.393465;mp.s.4.r1.az.nt.4;Detección y reacción;mp.s.4.r1;medidas de protección;protección de los servicios;Habilitar defender para los servicios de bases de datos en la nube;alto;requisito;disponibilidad;automático;;FAIL;Defender plan Defender for Cosmos DB from subscription Azure for Students is set to OFF (pricing tier not standard).;/subscriptions/8eef52e8-b918-4aec-8a36-fb2218e65f77/providers/Microsoft.Security/pricings/CosmosDbs;defender_ensure_defender_for_cosmosdb_is_on;False;Defender plan Cosmos DB;ENS;ENS RD 311/2022 - Categoría Alta
azure;The accreditation scheme of the ENS (National Security Scheme) has been developed by the Ministry of Finance and Public Administrations and the CCN (National Cryptological Center). This includes the basic principles and minimum requirements necessary for the adequate protection of information.;Azure for Students;global;2026-04-28 01:21:11.393465;mp.s.4.r1.az.nt.4;Detección y reacción;mp.s.4.r1;medidas de protección;protección de los servicios;Habilitar defender para los servicios de bases de datos en la nube;alto;requisito;disponibilidad;automático;;FAIL;Defender plan Defender for Databases from subscription Azure for Students is set to OFF (pricing tier not standard).;/subscriptions/8eef52e8-b918-4aec-8a36-fb2218e65f77/providers/Microsoft.Security/pricings/SqlServers;defender_ensure_defender_for_databases_is_on;False;SqlServers;ENS;ENS RD 311/2022 - Categoría Alta
azure;The accreditation scheme of the ENS (National Security Scheme) has been developed by the Ministry of Finance and Public Administrations and the CCN (National Cryptological Center). This includes the basic principles and minimum requirements necessary for the adequate protection of information.;Azure for Students;global;2026-04-28 01:21:11.393465;mp.s.4.r1.az.nt.3;Detección y reacción;mp.s.4.r1;medidas de protección;protección de los servicios;Habilitar defender para los servicios de aplicaciones en la nube;alto;requisito;disponibilidad;automático;;FAIL;Defender plan Defender for DNS from subscription Azure for Students is set to OFF (pricing tier not standard).;/subscriptions/8eef52e8-b918-4aec-8a36-fb2218e65f77/providers/Microsoft.Security/pricings/Dns;defender_ensure_defender_for_dns_is_on;False;Defender plan DNS;ENS;ENS RD 311/2022 - Categoría Alta
azure;The accreditation scheme of the ENS (National Security Scheme) has been developed by the Ministry of Finance and Public Administrations and the CCN (National Cryptological Center). This includes the basic principles and minimum requirements necessary for the adequate protection of information.;Azure for Students;global;2026-04-28 01:21:11.393465;op.acc.6.r1.az.eid.3;Contraseñas;op.acc.6.r1;operacional;control de acceso;Habilitar la protección de Defender para los KEY Vault;alto;refuerzo;confidencialidad,integridad,trazabilidad,autenticidad;automático;;FAIL;Defender plan Defender for KeyVaults from subscription Azure for Students is set to OFF (pricing tier not standard).;/subscriptions/8eef52e8-b918-4aec-8a36-fb2218e65f77/providers/Microsoft.Security/pricings/KeyVaults;defender_ensure_defender_for_keyvault_is_on;False;Defender plan KeyVaults;ENS;ENS RD 311/2022 - Categoría Alta
azure;The accreditation scheme of the ENS (National Security Scheme) has been developed by the Ministry of Finance and Public Administrations and the CCN (National Cryptological Center). This includes the basic principles and minimum requirements necessary for the adequate protection of information.;Azure for Students;global;2026-04-28 01:21:11.393465;mp.s.4.r1.az.nt.4;Detección y reacción;mp.s.4.r1;medidas de protección;protección de los servicios;Habilitar defender para los servicios de bases de datos en la nube;alto;requisito;disponibilidad;automático;;FAIL;Defender plan Defender for Open-Source Relational Databases from subscription Azure for Students is set to OFF (pricing tier not standard).;/subscriptions/8eef52e8-b918-4aec-8a36-fb2218e65f77/providers/Microsoft.Security/pricings/OpenSourceRelationalDatabases;defender_ensure_defender_for_os_relational_databases_is_on;False;Defender plan Open-Source Relational Databases;ENS;ENS RD 311/2022 - Categoría Alta
azure;The accreditation scheme of the ENS (National Security Scheme) has been developed by the Ministry of Finance and Public Administrations and the CCN (National Cryptological Center). This includes the basic principles and minimum requirements necessary for the adequate protection of information.;Azure for Students;global;2026-04-28 01:21:11.393465;op.mon.3.r1.az.ev.1;Correlación de eventos;op.mon.3.r1 ;operacional;monitorización del sistema;Habilitar el monitoreo del servidor en defender;alto;refuerzo;confidencialidad,integridad,trazabilidad,autenticidad,disponibilidad;automático;;FAIL;Defender plan Defender for Servers from subscription Azure for Students is set to OFF (pricing tier not standard).;/subscriptions/8eef52e8-b918-4aec-8a36-fb2218e65f77/providers/Microsoft.Security/pricings/VirtualMachines;defender_ensure_defender_for_server_is_on;False;Defender plan Servers;ENS;ENS RD 311/2022 - Categoría Alta
azure;The accreditation scheme of the ENS (National Security Scheme) has been developed by the Ministry of Finance and Public Administrations and the CCN (National Cryptological Center). This includes the basic principles and minimum requirements necessary for the adequate protection of information.;Azure for Students;global;2026-04-28 01:21:11.393465;mp.s.4.r1.az.nt.3;Detección y reacción;mp.s.4.r1;medidas de protección;protección de los servicios;Habilitar defender para los servicios de aplicaciones en la nube;alto;requisito;disponibilidad;automático;;FAIL;Defender plan Defender for Servers from subscription Azure for Students is set to OFF (pricing tier not standard).;/subscriptions/8eef52e8-b918-4aec-8a36-fb2218e65f77/providers/Microsoft.Security/pricings/VirtualMachines;defender_ensure_defender_for_server_is_on;False;Defender plan Servers;ENS;ENS RD 311/2022 - Categoría Alta
azure;The accreditation scheme of the ENS (National Security Scheme) has been developed by the Ministry of Finance and Public Administrations and the CCN (National Cryptological Center). This includes the basic principles and minimum requirements necessary for the adequate protection of information.;Azure for Students;global;2026-04-28 01:21:11.393465;mp.s.4.r1.az.nt.4;Detección y reacción;mp.s.4.r1;medidas de protección;protección de los servicios;Habilitar defender para los servicios de bases de datos en la nube;alto;requisito;disponibilidad;automático;;FAIL;Defender plan Defender for SQL Server VMs from subscription Azure for Students is set to OFF (pricing tier not standard).;/subscriptions/8eef52e8-b918-4aec-8a36-fb2218e65f77/providers/Microsoft.Security/pricings/SqlServerVirtualMachines;defender_ensure_defender_for_sql_servers_is_on;False;Defender plan SQL Server VMs;ENS;ENS RD 311/2022 - Categoría Alta
azure;The accreditation scheme of the ENS (National Security Scheme) has been developed by the Ministry of Finance and Public Administrations and the CCN (National Cryptological Center). This includes the basic principles and minimum requirements necessary for the adequate protection of information.;Azure for Students;global;2026-04-28 01:21:11.393465;mp.s.4.r1.az.nt.5;Detección y reacción;mp.s.4.r1;medidas de protección;protección de los servicios;Habilitar defender para los servicios de almacenamiento en la nube;alto;requisito;disponibilidad;automático;;FAIL;Defender plan Defender for Storage Accounts from subscription Azure for Students is set to OFF (pricing tier not standard).;/subscriptions/8eef52e8-b918-4aec-8a36-fb2218e65f77/providers/Microsoft.Security/pricings/StorageAccounts;defender_ensure_defender_for_storage_is_on;False;Defender plan Storage Accounts;ENS;ENS RD 311/2022 - Categoría Alta
azure;The accreditation scheme of the ENS (National Security Scheme) has been developed by the Ministry of Finance and Public Administrations and the CCN (National Cryptological Center). This includes the basic principles and minimum requirements necessary for the adequate protection of information.;Azure for Students;global;2026-04-28 01:21:11.393465;mp.s.4.r1.az.nt.3;Detección y reacción;mp.s.4.r1;medidas de protección;protección de los servicios;Habilitar defender para los servicios de aplicaciones en la nube;alto;requisito;disponibilidad;automático;;FAIL;No IoT Security Solutions found in the subscription Azure for Students.;/subscriptions/8eef52e8-b918-4aec-8a36-fb2218e65f77;defender_ensure_iot_hub_defender_is_on;False;Azure for Students;ENS;ENS RD 311/2022 - Categoría Alta
azure;The accreditation scheme of the ENS (National Security Scheme) has been developed by the Ministry of Finance and Public Administrations and the CCN (National Cryptological Center). This includes the basic principles and minimum requirements necessary for the adequate protection of information.;Azure for Students;global;2026-04-28 01:21:11.393465;mp.s.4.r1.az.nt.3;Detección y reacción;mp.s.4.r1;medidas de protección;protección de los servicios;Habilitar defender para los servicios de aplicaciones en la nube;alto;requisito;disponibilidad;automático;;PASS;Microsoft Defender for Cloud Apps is enabled for subscription Azure for Students.;/subscriptions/8eef52e8-b918-4aec-8a36-fb2218e65f77/providers/Microsoft.Security/settings/MCAS;defender_ensure_mcas_is_enabled;False;MCAS;ENS;ENS RD 311/2022 - Categoría Alta
azure;The accreditation scheme of the ENS (National Security Scheme) has been developed by the Ministry of Finance and Public Administrations and the CCN (National Cryptological Center). This includes the basic principles and minimum requirements necessary for the adequate protection of information.;Azure for Students;global;2026-04-28 01:21:11.393465;op.mon.3.r3.az.de.2;Ciberamenazas avanzadas;op.mon.3.r3 ;operacional;monitorización del sistema;Habilitar la protección de amenazas avanzadas para la detección de ciberamenazas en la nube.;alto;refuerzo;confidencialidad,integridad,trazabilidad,autenticidad,disponibilidad;automático;;PASS;Microsoft Defender for Endpoint integration is enabled for subscription Azure for Students.;/subscriptions/8eef52e8-b918-4aec-8a36-fb2218e65f77/providers/Microsoft.Security/settings/WDATP;defender_ensure_wdatp_is_enabled;False;WDATP;ENS;ENS RD 311/2022 - Categoría Alta
azure;The accreditation scheme of the ENS (National Security Scheme) has been developed by the Ministry of Finance and Public Administrations and the CCN (National Cryptological Center). This includes the basic principles and minimum requirements necessary for the adequate protection of information.;Azure for Students;global;2026-04-28 01:21:11.393465;op.mon.2.r1.az.ma.1;Efectividad del sistema de incidentes;op.mon.2.r1 ;operacional;monitorización del sistema;Configurar el monitor de alerta para los cambios en los elementos de seguridad habilitados.;alto;refuerzo;confidencialidad,integridad,trazabilidad,autenticidad,disponibilidad;automático;;FAIL;There is not an alert for creating Policy Assignments in subscription Azure for Students.;/subscriptions/8eef52e8-b918-4aec-8a36-fb2218e65f77;monitor_alert_create_policy_assignment;False;Azure for Students;ENS;ENS RD 311/2022 - Categoría Alta
azure;The accreditation scheme of the ENS (National Security Scheme) has been developed by the Ministry of Finance and Public Administrations and the CCN (National Cryptological Center). This includes the basic principles and minimum requirements necessary for the adequate protection of information.;Azure for Students;global;2026-04-28 01:21:11.393465;op.mon.2.r1.az.ma.1;Efectividad del sistema de incidentes;op.mon.2.r1 ;operacional;monitorización del sistema;Configurar el monitor de alerta para los cambios en los elementos de seguridad habilitados.;alto;refuerzo;confidencialidad,integridad,trazabilidad,autenticidad,disponibilidad;automático;;FAIL;There is not an alert for creating/updating Network Security Groups in subscription Azure for Students.;/subscriptions/8eef52e8-b918-4aec-8a36-fb2218e65f77;monitor_alert_create_update_nsg;False;Azure for Students;ENS;ENS RD 311/2022 - Categoría Alta
azure;The accreditation scheme of the ENS (National Security Scheme) has been developed by the Ministry of Finance and Public Administrations and the CCN (National Cryptological Center). This includes the basic principles and minimum requirements necessary for the adequate protection of information.;Azure for Students;global;2026-04-28 01:21:11.393465;op.mon.2.r1.az.ma.1;Efectividad del sistema de incidentes;op.mon.2.r1 ;operacional;monitorización del sistema;Configurar el monitor de alerta para los cambios en los elementos de seguridad habilitados.;alto;refuerzo;confidencialidad,integridad,trazabilidad,autenticidad,disponibilidad;automático;;FAIL;There is not an alert for creating/updating Public IP address rule in subscription Azure for Students.;/subscriptions/8eef52e8-b918-4aec-8a36-fb2218e65f77;monitor_alert_create_update_public_ip_address_rule;False;Azure for Students;ENS;ENS RD 311/2022 - Categoría Alta
azure;The accreditation scheme of the ENS (National Security Scheme) has been developed by the Ministry of Finance and Public Administrations and the CCN (National Cryptological Center). This includes the basic principles and minimum requirements necessary for the adequate protection of information.;Azure for Students;global;2026-04-28 01:21:11.393465;op.mon.2.r1.az.ma.1;Efectividad del sistema de incidentes;op.mon.2.r1 ;operacional;monitorización del sistema;Configurar el monitor de alerta para los cambios en los elementos de seguridad habilitados.;alto;refuerzo;confidencialidad,integridad,trazabilidad,autenticidad,disponibilidad;automático;;FAIL;There is not an alert for creating/updating Security Solution in subscription Azure for Students.;/subscriptions/8eef52e8-b918-4aec-8a36-fb2218e65f77;monitor_alert_create_update_security_solution;False;Azure for Students;ENS;ENS RD 311/2022 - Categoría Alta
azure;The accreditation scheme of the ENS (National Security Scheme) has been developed by the Ministry of Finance and Public Administrations and the CCN (National Cryptological Center). This includes the basic principles and minimum requirements necessary for the adequate protection of information.;Azure for Students;global;2026-04-28 01:21:11.393465;op.mon.3.r6.az.ma.1;Inspecciones de seguridad;op.mon.3.r6 ;operacional;monitorización del sistema;Utilizar las alertas para las inspecciones de seguridad;alto;refuerzo;confidencialidad,integridad,trazabilidad,autenticidad,disponibilidad;automático;;FAIL;There is not an alert for creating/updating Security Solution in subscription Azure for Students.;/subscriptions/8eef52e8-b918-4aec-8a36-fb2218e65f77;monitor_alert_create_update_security_solution;False;Azure for Students;ENS;ENS RD 311/2022 - Categoría Alta
azure;The accreditation scheme of the ENS (National Security Scheme) has been developed by the Ministry of Finance and Public Administrations and the CCN (National Cryptological Center). This includes the basic principles and minimum requirements necessary for the adequate protection of information.;Azure for Students;global;2026-04-28 01:21:11.393465;op.mon.2.r1.az.ma.1;Efectividad del sistema de incidentes;op.mon.2.r1 ;operacional;monitorización del sistema;Configurar el monitor de alerta para los cambios en los elementos de seguridad habilitados.;alto;refuerzo;confidencialidad,integridad,trazabilidad,autenticidad,disponibilidad;automático;;FAIL;There is not an alert for creating/updating SQL Server firewall rule in subscription Azure for Students.;/subscriptions/8eef52e8-b918-4aec-8a36-fb2218e65f77;monitor_alert_create_update_sqlserver_fr;False;Azure for Students;ENS;ENS RD 311/2022 - Categoría Alta
azure;The accreditation scheme of the ENS (National Security Scheme) has been developed by the Ministry of Finance and Public Administrations and the CCN (National Cryptological Center). This includes the basic principles and minimum requirements necessary for the adequate protection of information.;Azure for Students;global;2026-04-28 01:21:11.393465;op.acc.6.r5.az.eid.2;Registro de la actividad;op.acc.6.r5;operacional;control de acceso;El registro de actividad de eliminación en los servicios de la nube debe de estar habilitado.;alto;refuerzo;confidencialidad,integridad,trazabilidad,autenticidad;automático;;FAIL;There is not an alert for deleting Network Security Groups in subscription Azure for Students.;/subscriptions/8eef52e8-b918-4aec-8a36-fb2218e65f77;monitor_alert_delete_nsg;False;Azure for Students;ENS;ENS RD 311/2022 - Categoría Alta
azure;The accreditation scheme of the ENS (National Security Scheme) has been developed by the Ministry of Finance and Public Administrations and the CCN (National Cryptological Center). This includes the basic principles and minimum requirements necessary for the adequate protection of information.;Azure for Students;global;2026-04-28 01:21:11.393465;op.acc.6.r5.az.eid.2;Registro de la actividad;op.acc.6.r5;operacional;control de acceso;El registro de actividad de eliminación en los servicios de la nube debe de estar habilitado.;alto;refuerzo;confidencialidad,integridad,trazabilidad,autenticidad;automático;;FAIL;There is not an alert for deleting policy assignment in subscription Azure for Students.;/subscriptions/8eef52e8-b918-4aec-8a36-fb2218e65f77;monitor_alert_delete_policy_assignment;False;Azure for Students;ENS;ENS RD 311/2022 - Categoría Alta
azure;The accreditation scheme of the ENS (National Security Scheme) has been developed by the Ministry of Finance and Public Administrations and the CCN (National Cryptological Center). This includes the basic principles and minimum requirements necessary for the adequate protection of information.;Azure for Students;global;2026-04-28 01:21:11.393465;op.acc.6.r5.az.eid.2;Registro de la actividad;op.acc.6.r5;operacional;control de acceso;El registro de actividad de eliminación en los servicios de la nube debe de estar habilitado.;alto;refuerzo;confidencialidad,integridad,trazabilidad,autenticidad;automático;;FAIL;There is not an alert for deleting public IP address rule in subscription Azure for Students.;/subscriptions/8eef52e8-b918-4aec-8a36-fb2218e65f77;monitor_alert_delete_public_ip_address_rule;False;Azure for Students;ENS;ENS RD 311/2022 - Categoría Alta
azure;The accreditation scheme of the ENS (National Security Scheme) has been developed by the Ministry of Finance and Public Administrations and the CCN (National Cryptological Center). This includes the basic principles and minimum requirements necessary for the adequate protection of information.;Azure for Students;global;2026-04-28 01:21:11.393465;op.acc.6.r5.az.eid.2;Registro de la actividad;op.acc.6.r5;operacional;control de acceso;El registro de actividad de eliminación en los servicios de la nube debe de estar habilitado.;alto;refuerzo;confidencialidad,integridad,trazabilidad,autenticidad;automático;;FAIL;There is not an alert for deleting Security Solution in subscription Azure for Students.;/subscriptions/8eef52e8-b918-4aec-8a36-fb2218e65f77;monitor_alert_delete_security_solution;False;Azure for Students;ENS;ENS RD 311/2022 - Categoría Alta
azure;The accreditation scheme of the ENS (National Security Scheme) has been developed by the Ministry of Finance and Public Administrations and the CCN (National Cryptological Center). This includes the basic principles and minimum requirements necessary for the adequate protection of information.;Azure for Students;global;2026-04-28 01:21:11.393465;op.acc.6.r5.az.eid.2;Registro de la actividad;op.acc.6.r5;operacional;control de acceso;El registro de actividad de eliminación en los servicios de la nube debe de estar habilitado.;alto;refuerzo;confidencialidad,integridad,trazabilidad,autenticidad;automático;;FAIL;There is not an alert for deleting SQL Server firewall rule in subscription Azure for Students.;/subscriptions/8eef52e8-b918-4aec-8a36-fb2218e65f77;monitor_alert_delete_sqlserver_fr;False;Azure for Students;ENS;ENS RD 311/2022 - Categoría Alta
azure;The accreditation scheme of the ENS (National Security Scheme) has been developed by the Ministry of Finance and Public Administrations and the CCN (National Cryptological Center). This includes the basic principles and minimum requirements necessary for the adequate protection of information.;Azure for Students;global;2026-04-28 01:21:11.393465;op.exp.8.az.md.1;Registro de la actividad;op.exp.8;operacional;explotación;Se habilitará el monitor de diagnóstico para cada categoría usada dentro de la subscripción.;alto;requisito;trazabilidad;automático;;FAIL;No diagnostic setting captures all appropriate categories (Administrative, Security, Alert, Policy) in subscription Azure for Students.;/subscriptions/8eef52e8-b918-4aec-8a36-fb2218e65f77;monitor_diagnostic_setting_with_appropriate_categories;False;Azure for Students;ENS;ENS RD 311/2022 - Categoría Alta
azure;The accreditation scheme of the ENS (National Security Scheme) has been developed by the Ministry of Finance and Public Administrations and the CCN (National Cryptological Center). This includes the basic principles and minimum requirements necessary for the adequate protection of information.;Azure for Students;global;2026-04-28 01:21:11.393465;op.mon.2.az.md.1;Sistema de métricas;op.mon.2 ;operacional;monitorización del sistema;Configurar el monitor de diagnóstico para los elementos habilitados de la nube.;alto;requisito;confidencialidad,integridad,trazabilidad,autenticidad,disponibilidad;automático;;FAIL;No diagnostic setting captures all appropriate categories (Administrative, Security, Alert, Policy) in subscription Azure for Students.;/subscriptions/8eef52e8-b918-4aec-8a36-fb2218e65f77;monitor_diagnostic_setting_with_appropriate_categories;False;Azure for Students;ENS;ENS RD 311/2022 - Categoría Alta
azure;The accreditation scheme of the ENS (National Security Scheme) has been developed by the Ministry of Finance and Public Administrations and the CCN (National Cryptological Center). This includes the basic principles and minimum requirements necessary for the adequate protection of information.;Azure for Students;global;2026-04-28 01:21:11.393465;op.exp.8.r5.az.ds.1;Revisión automática y correlación de eventos;op.exp.8.r5;operacional;explotación;Activación del monitor de diagnóstico para la revisión automática de eventos.;alto;refuerzo;trazabilidad;automático;;FAIL;No diagnostic settings found in subscription Azure for Students.;/subscriptions/8eef52e8-b918-4aec-8a36-fb2218e65f77;monitor_diagnostic_settings_exists;False;Azure for Students;ENS;ENS RD 311/2022 - Categoría Alta
azure;The accreditation scheme of the ENS (National Security Scheme) has been developed by the Ministry of Finance and Public Administrations and the CCN (National Cryptological Center). This includes the basic principles and minimum requirements necessary for the adequate protection of information.;Azure for Students;global;2026-04-28 01:21:11.393465;op.mon.2.r2.az.ma.1;Eficiencia del sistema de gestión de la seguridad;op.mon.2.r2 ;operacional;monitorización del sistema;Asegurar que el monitor de diagnóstico de la actividad de la subscrición esté activa.;alto;refuerzo;confidencialidad,integridad,trazabilidad,autenticidad,disponibilidad;automático;;FAIL;No diagnostic settings found in subscription Azure for Students.;/subscriptions/8eef52e8-b918-4aec-8a36-fb2218e65f77;monitor_diagnostic_settings_exists;False;Azure for Students;ENS;ENS RD 311/2022 - Categoría Alta
azure;The accreditation scheme of the ENS (National Security Scheme) has been developed by the Ministry of Finance and Public Administrations and the CCN (National Cryptological Center). This includes the basic principles and minimum requirements necessary for the adequate protection of information.;Azure for Students;global;2026-04-28 01:21:11.393465;mp.com.4.r4.az.nt.1;Puntos de interconexión;mp.com.4.r4;medidas de protección;protección de las comunicaciones;Asegurarse de que el acceso a la red de conexión con  internet esté protegida.;alto;refuerzo;confidencialidad,integridad,trazabilidad,autenticidad,disponibilidad;automático;;FAIL;Bastion Host from subscription Azure for Students does not exist;/subscriptions/8eef52e8-b918-4aec-8a36-fb2218e65f77;network_bastion_host_exists;False;Azure for Students;ENS;ENS RD 311/2022 - Categoría Alta
azure;The accreditation scheme of the ENS (National Security Scheme) has been developed by the Ministry of Finance and Public Administrations and the CCN (National Cryptological Center). This includes the basic principles and minimum requirements necessary for the adequate protection of information.;Azure for Students;norwayeast;2026-04-28 01:21:11.393465;op.mon.1.r1.az.nf.1;Detección basada en reglas;op.mon.1.r1 ;operacional;monitorización del sistema;Activación del Network Flow Log para la identificación del tráfico de la red.;alto;refuerzo;confidencialidad,integridad,trazabilidad,autenticidad,disponibilidad;automático;;FAIL;Network Watcher NetworkWatcher_norwayeast from subscription Azure for Students has no flow logs;/subscriptions/8eef52e8-b918-4aec-8a36-fb2218e65f77/resourceGroups/NetworkWatcherRG/providers/Microsoft.Network/networkWatchers/NetworkWatcher_norwayeast;network_flow_log_captured_sent;False;NetworkWatcher_norwayeast;ENS;ENS RD 311/2022 - Categoría Alta
azure;The accreditation scheme of the ENS (National Security Scheme) has been developed by the Ministry of Finance and Public Administrations and the CCN (National Cryptological Center). This includes the basic principles and minimum requirements necessary for the adequate protection of information.;Azure for Students;norwayeast;2026-04-28 01:21:11.393465;op.mon.3.az.nw.1;Vigilancia;op.mon.3 ;operacional;monitorización del sistema;Habilitar Network Watcher para registrar y mantener la información de seguridad centralizada.;alto;requisito;confidencialidad,integridad,trazabilidad,autenticidad,disponibilidad;automático;;FAIL;Network Watcher NetworkWatcher_norwayeast from subscription Azure for Students has no flow logs;/subscriptions/8eef52e8-b918-4aec-8a36-fb2218e65f77/resourceGroups/NetworkWatcherRG/providers/Microsoft.Network/networkWatchers/NetworkWatcher_norwayeast;network_flow_log_captured_sent;False;NetworkWatcher_norwayeast;ENS;ENS RD 311/2022 - Categoría Alta
azure;The accreditation scheme of the ENS (National Security Scheme) has been developed by the Ministry of Finance and Public Administrations and the CCN (National Cryptological Center). This includes the basic principles and minimum requirements necessary for the adequate protection of information.;Azure for Students;norwayeast;2026-04-28 01:21:11.393465;op.mon.3.az.nw.1;Vigilancia;op.mon.3 ;operacional;monitorización del sistema;Auditoría delos registros de los servicios de GCP con la suficiente retención para la vigilancia de la información;alto;requisito;confidencialidad,integridad,trazabilidad,autenticidad,disponibilidad;automático;;FAIL;Network Watcher NetworkWatcher_norwayeast from subscription Azure for Students has no flow logs;/subscriptions/8eef52e8-b918-4aec-8a36-fb2218e65f77/resourceGroups/NetworkWatcherRG/providers/Microsoft.Network/networkWatchers/NetworkWatcher_norwayeast;network_flow_log_captured_sent;False;NetworkWatcher_norwayeast;ENS;ENS RD 311/2022 - Categoría Alta
azure;The accreditation scheme of the ENS (National Security Scheme) has been developed by the Ministry of Finance and Public Administrations and the CCN (National Cryptological Center). This includes the basic principles and minimum requirements necessary for the adequate protection of information.;Azure for Students;norwayeast;2026-04-28 01:21:11.393465;mp.s.4.r1.az.nt.1;Detección y reacción;mp.s.4.r1;medidas de protección;protección de los servicios;Habilitar el flujo de logs de la red para la captura de los datos enviados;alto;requisito;disponibilidad;automático;;FAIL;Network Watcher NetworkWatcher_norwayeast from subscription Azure for Students has no flow logs;/subscriptions/8eef52e8-b918-4aec-8a36-fb2218e65f77/resourceGroups/NetworkWatcherRG/providers/Microsoft.Network/networkWatchers/NetworkWatcher_norwayeast;network_flow_log_captured_sent;False;NetworkWatcher_norwayeast;ENS;ENS RD 311/2022 - Categoría Alta
azure;The accreditation scheme of the ENS (National Security Scheme) has been developed by the Ministry of Finance and Public Administrations and the CCN (National Cryptological Center). This includes the basic principles and minimum requirements necessary for the adequate protection of information.;Azure for Students;norwayeast;2026-04-28 01:21:11.393465;op.exp.8.r3.az.nt.1;Retención de registros;op.exp.8.r3;operacional;explotación;La configuración de los registros debe estar configurada con un período de retención.;alto;refuerzo;trazabilidad;automático;;FAIL;Network Watcher NetworkWatcher_norwayeast from subscription Azure for Students has no flow logs;/subscriptions/8eef52e8-b918-4aec-8a36-fb2218e65f77/resourceGroups/NetworkWatcherRG/providers/Microsoft.Network/networkWatchers/NetworkWatcher_norwayeast;network_flow_log_more_than_90_days;False;NetworkWatcher_norwayeast;ENS;ENS RD 311/2022 - Categoría Alta
azure;The accreditation scheme of the ENS (National Security Scheme) has been developed by the Ministry of Finance and Public Administrations and the CCN (National Cryptological Center). This includes the basic principles and minimum requirements necessary for the adequate protection of information.;Azure for Students;norwayeast;2026-04-28 01:21:11.393465;op.mon.3.az.nw.1;Vigilancia;op.mon.3 ;operacional;monitorización del sistema;Habilitar Network Watcher para registrar y mantener la información de seguridad centralizada.;alto;requisito;confidencialidad,integridad,trazabilidad,autenticidad,disponibilidad;automático;;FAIL;Network Watcher NetworkWatcher_norwayeast from subscription Azure for Students has no flow logs;/subscriptions/8eef52e8-b918-4aec-8a36-fb2218e65f77/resourceGroups/NetworkWatcherRG/providers/Microsoft.Network/networkWatchers/NetworkWatcher_norwayeast;network_flow_log_more_than_90_days;False;NetworkWatcher_norwayeast;ENS;ENS RD 311/2022 - Categoría Alta
azure;The accreditation scheme of the ENS (National Security Scheme) has been developed by the Ministry of Finance and Public Administrations and the CCN (National Cryptological Center). This includes the basic principles and minimum requirements necessary for the adequate protection of information.;Azure for Students;norwayeast;2026-04-28 01:21:11.393465;op.mon.3.az.nw.1;Vigilancia;op.mon.3 ;operacional;monitorización del sistema;Auditoría delos registros de los servicios de GCP con la suficiente retención para la vigilancia de la información;alto;requisito;confidencialidad,integridad,trazabilidad,autenticidad,disponibilidad;automático;;FAIL;Network Watcher NetworkWatcher_norwayeast from subscription Azure for Students has no flow logs;/subscriptions/8eef52e8-b918-4aec-8a36-fb2218e65f77/resourceGroups/NetworkWatcherRG/providers/Microsoft.Network/networkWatchers/NetworkWatcher_norwayeast;network_flow_log_more_than_90_days;False;NetworkWatcher_norwayeast;ENS;ENS RD 311/2022 - Categoría Alta
azure;The accreditation scheme of the ENS (National Security Scheme) has been developed by the Ministry of Finance and Public Administrations and the CCN (National Cryptological Center). This includes the basic principles and minimum requirements necessary for the adequate protection of information.;Azure for Students;global;2026-04-28 01:21:11.393465;op.mon.1.az.nw.1;Detección de intrusión;op.mon.1 ;operacional;monitorización del sistema;Activación del Network Watcher para la captura de paquetes y detección del tráfico de la red.;alto;requisito;confidencialidad,integridad,trazabilidad,autenticidad,disponibilidad;automático;;FAIL;Network Watcher is not enabled for the following locations in subscription 'Azure for Students': australiacentral, japaneast, eastus2, francesouth, belgiumcentral, switzerlandwest, switzerlandnorth, uksouth, westus2, westus3, westeurope, brazilsouth, koreasouth, southafricanorth, northeurope, koreacentral, chilecentral, eastus, israelcentral, southcentralus, uaenorth, mexicocentral, qatarcentral, southindia, westindia, polandcentral, canadacentral, northcentralus, centralindia, japanwest, germanynorth, jioindiacentral, norwaywest, southeastasia, malaysiawest, austriaeast, indonesiacentral, francecentral, denmarkeast, westus, swedencentral, centralus, australiasoutheast, canadaeast, australiacentral2, newzealandnorth, germanywestcentral, jioindiawest, westcentralus, ukwest, brazilsoutheast, southafricawest, spaincentral, eastasia, australiaeast, italynorth, uaecentral.;/subscriptions/8eef52e8-b918-4aec-8a36-fb2218e65f77;network_watcher_enabled;False;Azure for Students;ENS;ENS RD 311/2022 - Categoría Alta
azure;The accreditation scheme of the ENS (National Security Scheme) has been developed by the Ministry of Finance and Public Administrations and the CCN (National Cryptological Center). This includes the basic principles and minimum requirements necessary for the adequate protection of information.;Azure for Students;global;2026-04-28 01:21:11.393465;op.mon.2.r2.az.ma.1;Eficiencia del sistema de gestión de la seguridad;op.mon.2.r2 ;operacional;monitorización del sistema;Asegurar que el monitor de diagnóstico de la actividad de la subscrición esté activa.;alto;refuerzo;confidencialidad,integridad,trazabilidad,autenticidad,disponibilidad;automático;;FAIL;Network Watcher is not enabled for the following locations in subscription 'Azure for Students': australiacentral, japaneast, eastus2, francesouth, belgiumcentral, switzerlandwest, switzerlandnorth, uksouth, westus2, westus3, westeurope, brazilsouth, koreasouth, southafricanorth, northeurope, koreacentral, chilecentral, eastus, israelcentral, southcentralus, uaenorth, mexicocentral, qatarcentral, southindia, westindia, polandcentral, canadacentral, northcentralus, centralindia, japanwest, germanynorth, jioindiacentral, norwaywest, southeastasia, malaysiawest, austriaeast, indonesiacentral, francecentral, denmarkeast, westus, swedencentral, centralus, australiasoutheast, canadaeast, australiacentral2, newzealandnorth, germanywestcentral, jioindiawest, westcentralus, ukwest, brazilsoutheast, southafricawest, spaincentral, eastasia, australiaeast, italynorth, uaecentral.;/subscriptions/8eef52e8-b918-4aec-8a36-fb2218e65f77;network_watcher_enabled;False;Azure for Students;ENS;ENS RD 311/2022 - Categoría Alta
azure;The accreditation scheme of the ENS (National Security Scheme) has been developed by the Ministry of Finance and Public Administrations and the CCN (National Cryptological Center). This includes the basic principles and minimum requirements necessary for the adequate protection of information.;Azure for Students;global;2026-04-28 01:21:11.393465;op.mon.3.az.nw.1;Vigilancia;op.mon.3 ;operacional;monitorización del sistema;Habilitar Network Watcher para registrar y mantener la información de seguridad centralizada.;alto;requisito;confidencialidad,integridad,trazabilidad,autenticidad,disponibilidad;automático;;FAIL;Network Watcher is not enabled for the following locations in subscription 'Azure for Students': australiacentral, japaneast, eastus2, francesouth, belgiumcentral, switzerlandwest, switzerlandnorth, uksouth, westus2, westus3, westeurope, brazilsouth, koreasouth, southafricanorth, northeurope, koreacentral, chilecentral, eastus, israelcentral, southcentralus, uaenorth, mexicocentral, qatarcentral, southindia, westindia, polandcentral, canadacentral, northcentralus, centralindia, japanwest, germanynorth, jioindiacentral, norwaywest, southeastasia, malaysiawest, austriaeast, indonesiacentral, francecentral, denmarkeast, westus, swedencentral, centralus, australiasoutheast, canadaeast, australiacentral2, newzealandnorth, germanywestcentral, jioindiawest, westcentralus, ukwest, brazilsoutheast, southafricawest, spaincentral, eastasia, australiaeast, italynorth, uaecentral.;/subscriptions/8eef52e8-b918-4aec-8a36-fb2218e65f77;network_watcher_enabled;False;Azure for Students;ENS;ENS RD 311/2022 - Categoría Alta
azure;The accreditation scheme of the ENS (National Security Scheme) has been developed by the Ministry of Finance and Public Administrations and the CCN (National Cryptological Center). This includes the basic principles and minimum requirements necessary for the adequate protection of information.;Azure for Students;global;2026-04-28 01:21:11.393465;op.mon.3.az.nw.1;Vigilancia;op.mon.3 ;operacional;monitorización del sistema;Auditoría delos registros de los servicios de GCP con la suficiente retención para la vigilancia de la información;alto;requisito;confidencialidad,integridad,trazabilidad,autenticidad,disponibilidad;automático;;FAIL;Network Watcher is not enabled for the following locations in subscription 'Azure for Students': australiacentral, japaneast, eastus2, francesouth, belgiumcentral, switzerlandwest, switzerlandnorth, uksouth, westus2, westus3, westeurope, brazilsouth, koreasouth, southafricanorth, northeurope, koreacentral, chilecentral, eastus, israelcentral, southcentralus, uaenorth, mexicocentral, qatarcentral, southindia, westindia, polandcentral, canadacentral, northcentralus, centralindia, japanwest, germanynorth, jioindiacentral, norwaywest, southeastasia, malaysiawest, austriaeast, indonesiacentral, francecentral, denmarkeast, westus, swedencentral, centralus, australiasoutheast, canadaeast, australiacentral2, newzealandnorth, germanywestcentral, jioindiawest, westcentralus, ukwest, brazilsoutheast, southafricawest, spaincentral, eastasia, australiaeast, italynorth, uaecentral.;/subscriptions/8eef52e8-b918-4aec-8a36-fb2218e65f77;network_watcher_enabled;False;Azure for Students;ENS;ENS RD 311/2022 - Categoría Alta
azure;The accreditation scheme of the ENS (National Security Scheme) has been developed by the Ministry of Finance and Public Administrations and the CCN (National Cryptological Center). This includes the basic principles and minimum requirements necessary for the adequate protection of information.;Azure for Students;global;2026-04-28 01:21:11.393465;mp.com.1.az.nw.1;Perímetro seguro;mp.com.1;medidas de protección;protección de las comunicaciones;Habilitar la restricción de acceso para el tráfico por internet a través de RDP;alto;requisito;confidencialidad,integridad,trazabilidad,autenticidad,disponibilidad;automático;;FAIL;Network Watcher is not enabled for the following locations in subscription 'Azure for Students': australiacentral, japaneast, eastus2, francesouth, belgiumcentral, switzerlandwest, switzerlandnorth, uksouth, westus2, westus3, westeurope, brazilsouth, koreasouth, southafricanorth, northeurope, koreacentral, chilecentral, eastus, israelcentral, southcentralus, uaenorth, mexicocentral, qatarcentral, southindia, westindia, polandcentral, canadacentral, northcentralus, centralindia, japanwest, germanynorth, jioindiacentral, norwaywest, southeastasia, malaysiawest, austriaeast, indonesiacentral, francecentral, denmarkeast, westus, swedencentral, centralus, australiasoutheast, canadaeast, australiacentral2, newzealandnorth, germanywestcentral, jioindiawest, westcentralus, ukwest, brazilsoutheast, southafricawest, spaincentral, eastasia, australiaeast, italynorth, uaecentral.;/subscriptions/8eef52e8-b918-4aec-8a36-fb2218e65f77;network_watcher_enabled;False;Azure for Students;ENS;ENS RD 311/2022 - Categoría Alta
azure;The accreditation scheme of the ENS (National Security Scheme) has been developed by the Ministry of Finance and Public Administrations and the CCN (National Cryptological Center). This includes the basic principles and minimum requirements necessary for the adequate protection of information.;Azure for Students;global;2026-04-28 01:21:11.393465;mp.com.1.az.nw.2;Perímetro seguro;mp.com.1;medidas de protección;protección de las comunicaciones;Habilitar la restricción de acceso para el tráfico por internet a través de SSH;alto;requisito;confidencialidad,integridad,trazabilidad,autenticidad,disponibilidad;automático;;FAIL;Network Watcher is not enabled for the following locations in subscription 'Azure for Students': australiacentral, japaneast, eastus2, francesouth, belgiumcentral, switzerlandwest, switzerlandnorth, uksouth, westus2, westus3, westeurope, brazilsouth, koreasouth, southafricanorth, northeurope, koreacentral, chilecentral, eastus, israelcentral, southcentralus, uaenorth, mexicocentral, qatarcentral, southindia, westindia, polandcentral, canadacentral, northcentralus, centralindia, japanwest, germanynorth, jioindiacentral, norwaywest, southeastasia, malaysiawest, austriaeast, indonesiacentral, francecentral, denmarkeast, westus, swedencentral, centralus, australiasoutheast, canadaeast, australiacentral2, newzealandnorth, germanywestcentral, jioindiawest, westcentralus, ukwest, brazilsoutheast, southafricawest, spaincentral, eastasia, australiaeast, italynorth, uaecentral.;/subscriptions/8eef52e8-b918-4aec-8a36-fb2218e65f77;network_watcher_enabled;False;Azure for Students;ENS;ENS RD 311/2022 - Categoría Alta
azure;The accreditation scheme of the ENS (National Security Scheme) has been developed by the Ministry of Finance and Public Administrations and the CCN (National Cryptological Center). This includes the basic principles and minimum requirements necessary for the adequate protection of information.;Azure for Students;global;2026-04-28 01:21:11.393465;mp.com.1.az.nw.3;Perímetro seguro;mp.com.1;medidas de protección;protección de las comunicaciones;Habilitar la restricción de acceso para el tráfico por internet a través de UDP.;alto;requisito;confidencialidad,integridad,trazabilidad,autenticidad,disponibilidad;automático;;FAIL;Network Watcher is not enabled for the following locations in subscription 'Azure for Students': australiacentral, japaneast, eastus2, francesouth, belgiumcentral, switzerlandwest, switzerlandnorth, uksouth, westus2, westus3, westeurope, brazilsouth, koreasouth, southafricanorth, northeurope, koreacentral, chilecentral, eastus, israelcentral, southcentralus, uaenorth, mexicocentral, qatarcentral, southindia, westindia, polandcentral, canadacentral, northcentralus, centralindia, japanwest, germanynorth, jioindiacentral, norwaywest, southeastasia, malaysiawest, austriaeast, indonesiacentral, francecentral, denmarkeast, westus, swedencentral, centralus, australiasoutheast, canadaeast, australiacentral2, newzealandnorth, germanywestcentral, jioindiawest, westcentralus, ukwest, brazilsoutheast, southafricawest, spaincentral, eastasia, australiaeast, italynorth, uaecentral.;/subscriptions/8eef52e8-b918-4aec-8a36-fb2218e65f77;network_watcher_enabled;False;Azure for Students;ENS;ENS RD 311/2022 - Categoría Alta
azure;The accreditation scheme of the ENS (National Security Scheme) has been developed by the Ministry of Finance and Public Administrations and the CCN (National Cryptological Center). This includes the basic principles and minimum requirements necessary for the adequate protection of information.;Azure for Students;global;2026-04-28 01:21:11.393465;mp.com.3.az.nw.1;Protección de la integridad y de la autenticidad;mp.com.3 ;medidas de protección;protección de las comunicaciones;Asegurarse de que la comunicación del frontal sea a través de HTTPS.;alto;requisito;integridad,autenticidad;automático;;FAIL;Network Watcher is not enabled for the following locations in subscription 'Azure for Students': australiacentral, japaneast, eastus2, francesouth, belgiumcentral, switzerlandwest, switzerlandnorth, uksouth, westus2, westus3, westeurope, brazilsouth, koreasouth, southafricanorth, northeurope, koreacentral, chilecentral, eastus, israelcentral, southcentralus, uaenorth, mexicocentral, qatarcentral, southindia, westindia, polandcentral, canadacentral, northcentralus, centralindia, japanwest, germanynorth, jioindiacentral, norwaywest, southeastasia, malaysiawest, austriaeast, indonesiacentral, francecentral, denmarkeast, westus, swedencentral, centralus, australiasoutheast, canadaeast, australiacentral2, newzealandnorth, germanywestcentral, jioindiawest, westcentralus, ukwest, brazilsoutheast, southafricawest, spaincentral, eastasia, australiaeast, italynorth, uaecentral.;/subscriptions/8eef52e8-b918-4aec-8a36-fb2218e65f77;network_watcher_enabled;False;Azure for Students;ENS;ENS RD 311/2022 - Categoría Alta
azure;The accreditation scheme of the ENS (National Security Scheme) has been developed by the Ministry of Finance and Public Administrations and the CCN (National Cryptological Center). This includes the basic principles and minimum requirements necessary for the adequate protection of information.;Azure for Students;norwayeast;2026-04-28 01:21:11.393465;op.mon.3.r5.az.1;Minería de datos;op.mon.3.r5 ;operacional;monitorización del sistema;Aplicación de medidas para restringir el acceso a datos sin autorización en los servicios de la nube;alto;refuerzo;confidencialidad,integridad,trazabilidad,autenticidad,disponibilidad;automático;;PASS;Storage account sttfstateghassen01 from subscription Azure for Students has allow blob public access disabled.;/subscriptions/8eef52e8-b918-4aec-8a36-fb2218e65f77/resourceGroups/rg-terraform-state/providers/Microsoft.Storage/storageAccounts/sttfstateghassen01;storage_blob_public_access_level_is_disabled;False;sttfstateghassen01;ENS;ENS RD 311/2022 - Categoría Alta
azure;The accreditation scheme of the ENS (National Security Scheme) has been developed by the Ministry of Finance and Public Administrations and the CCN (National Cryptological Center). This includes the basic principles and minimum requirements necessary for the adequate protection of information.;Azure for Students;norwayeast;2026-04-28 01:21:11.393465;op.exp.8.r4.az.sa.2;Control de acceso;op.exp.8.r4;operacional;explotación;Configuración del acceso por defecto a las cuentas de almacenamiento definida como denegada;alto;refuerzo;trazabilidad;automático;;FAIL;Storage account sttfstateghassen01 from subscription Azure for Students has network access rule set to Allow.;/subscriptions/8eef52e8-b918-4aec-8a36-fb2218e65f77/resourceGroups/rg-terraform-state/providers/Microsoft.Storage/storageAccounts/sttfstateghassen01;storage_default_network_access_rule_is_denied;False;sttfstateghassen01;ENS;ENS RD 311/2022 - Categoría Alta
azure;The accreditation scheme of the ENS (National Security Scheme) has been developed by the Ministry of Finance and Public Administrations and the CCN (National Cryptological Center). This includes the basic principles and minimum requirements necessary for the adequate protection of information.;Azure for Students;norwayeast;2026-04-28 01:21:11.393465;mp.info.6.r2.az.sa.1;Protección de las copias de seguridad;mp.info.6.r2;medidas de protección;protección de la información;Asegurarse que los servicios de almacenamiento tenga acceso de confianza.;alto;refuerzo;disponibilidad;automático;;PASS;Storage account sttfstateghassen01 from subscription Azure for Students allows trusted Microsoft services to access this storage account.;/subscriptions/8eef52e8-b918-4aec-8a36-fb2218e65f77/resourceGroups/rg-terraform-state/providers/Microsoft.Storage/storageAccounts/sttfstateghassen01;storage_ensure_azure_services_are_trusted_to_access_is_enabled;False;sttfstateghassen01;ENS;ENS RD 311/2022 - Categoría Alta
azure;The accreditation scheme of the ENS (National Security Scheme) has been developed by the Ministry of Finance and Public Administrations and the CCN (National Cryptological Center). This includes the basic principles and minimum requirements necessary for the adequate protection of information.;Azure for Students;norwayeast;2026-04-28 01:21:11.393465;op.exp.10.az.kv.2;Protección de claves criptográficas;op.exp.10 ;operacional;explotación;Habilitación de las claves criptográficas para las cuentas de almacenamiento;alto;requisito;confidencialidad,integridad,trazabilidad,autenticidad,disponibilidad;automático;;FAIL;Storage account sttfstateghassen01 from subscription Azure for Students does not encrypt with CMKs.;/subscriptions/8eef52e8-b918-4aec-8a36-fb2218e65f77/resourceGroups/rg-terraform-state/providers/Microsoft.Storage/storageAccounts/sttfstateghassen01;storage_ensure_encryption_with_customer_managed_keys;False;sttfstateghassen01;ENS;ENS RD 311/2022 - Categoría Alta
azure;The accreditation scheme of the ENS (National Security Scheme) has been developed by the Ministry of Finance and Public Administrations and the CCN (National Cryptological Center). This includes the basic principles and minimum requirements necessary for the adequate protection of information.;Azure for Students;norwayeast;2026-04-28 01:21:11.393465;mp.com.3.r2.az.tls.3;Algoritmos y parámetros autorizados;mp.com.3.r2 ;medidas de protección;protección de las comunicaciones;La versión de TLS para las cuentas de almacenamiento deben ser como mínimo versión 1.2;alto;refuerzo;integridad,autenticidad;automático;;PASS;Storage account sttfstateghassen01 from subscription Azure for Students has TLS version set to 1.2.;/subscriptions/8eef52e8-b918-4aec-8a36-fb2218e65f77/resourceGroups/rg-terraform-state/providers/Microsoft.Storage/storageAccounts/sttfstateghassen01;storage_ensure_minimum_tls_version_12;False;sttfstateghassen01;ENS;ENS RD 311/2022 - Categoría Alta
azure;The accreditation scheme of the ENS (National Security Scheme) has been developed by the Ministry of Finance and Public Administrations and the CCN (National Cryptological Center). This includes the basic principles and minimum requirements necessary for the adequate protection of information.;Azure for Students;norwayeast;2026-04-28 01:21:11.393465;mp.com.4.r2..az.sa.1;Segmentación lógica avanzada;mp.com.4.r2;medidas de protección;protección de las comunicaciones;Habilitar los endpoints privados en cuentas de almacenamiento;alto;refuerzo;confidencialidad,integridad,trazabilidad,autenticidad,disponibilidad;automático;;FAIL;Storage account sttfstateghassen01 from subscription Azure for Students does not have private endpoint connections.;/subscriptions/8eef52e8-b918-4aec-8a36-fb2218e65f77/resourceGroups/rg-terraform-state/providers/Microsoft.Storage/storageAccounts/sttfstateghassen01;storage_ensure_private_endpoints_in_storage_accounts;False;sttfstateghassen01;ENS;ENS RD 311/2022 - Categoría Alta
azure;The accreditation scheme of the ENS (National Security Scheme) has been developed by the Ministry of Finance and Public Administrations and the CCN (National Cryptological Center). This includes the basic principles and minimum requirements necessary for the adequate protection of information.;Azure for Students;norwayeast;2026-04-28 01:21:11.393465;op.exp.10.az.kv.2;Protección de claves criptográficas;op.exp.10 ;operacional;explotación;Habilitación de las claves criptográficas para las cuentas de almacenamiento;alto;requisito;confidencialidad,integridad,trazabilidad,autenticidad,disponibilidad;automático;;FAIL;Storage account sttfstateghassen01 from subscription Azure for Students has infrastructure encryption disabled.;/subscriptions/8eef52e8-b918-4aec-8a36-fb2218e65f77/resourceGroups/rg-terraform-state/providers/Microsoft.Storage/storageAccounts/sttfstateghassen01;storage_infrastructure_encryption_is_enabled;False;sttfstateghassen01;ENS;ENS RD 311/2022 - Categoría Alta
azure;The accreditation scheme of the ENS (National Security Scheme) has been developed by the Ministry of Finance and Public Administrations and the CCN (National Cryptological Center). This includes the basic principles and minimum requirements necessary for the adequate protection of information.;Azure for Students;norwayeast;2026-04-28 01:21:11.393465;op.acc.6.r1.az.eid.2;Contraseñas;op.acc.6.r1;operacional;control de acceso;Las credenciales deberan rotarse cada 90 días o menos;alto;refuerzo;confidencialidad,integridad,trazabilidad,autenticidad;automático;;FAIL;Storage account sttfstateghassen01 from subscription Azure for Students has no key expiration period set.;/subscriptions/8eef52e8-b918-4aec-8a36-fb2218e65f77/resourceGroups/rg-terraform-state/providers/Microsoft.Storage/storageAccounts/sttfstateghassen01;storage_key_rotation_90_days;False;sttfstateghassen01;ENS;ENS RD 311/2022 - Categoría Alta
azure;The accreditation scheme of the ENS (National Security Scheme) has been developed by the Ministry of Finance and Public Administrations and the CCN (National Cryptological Center). This includes the basic principles and minimum requirements necessary for the adequate protection of information.;Azure for Students;norwayeast;2026-04-28 01:21:11.393465;mp.com.3.az.sa.1;Protección de la integridad y de la autenticidad;mp.com.3 ;medidas de protección;protección de las comunicaciones;Asegurarse que la seguridad en transferencia de datos para  las cuentas de almacenamiento esté habilitada;alto;requisito;integridad,autenticidad;automático;;PASS;Storage account sttfstateghassen01 from subscription Azure for Students has secure transfer required enabled.;/subscriptions/8eef52e8-b918-4aec-8a36-fb2218e65f77/resourceGroups/rg-terraform-state/providers/Microsoft.Storage/storageAccounts/sttfstateghassen01;storage_secure_transfer_required_is_enabled;False;sttfstateghassen01;ENS;ENS RD 311/2022 - Categoría Alta
azure;The accreditation scheme of the ENS (National Security Scheme) has been developed by the Ministry of Finance and Public Administrations and the CCN (National Cryptological Center). This includes the basic principles and minimum requirements necessary for the adequate protection of information.;;;2026-04-28 01:21:11.393465;op.acc.3.r1.az.eid.1;Segregación rigurosa;op.acc.3.r1;operacional;control de acceso;La configuración, manenimiento, auditoría o supervisión no debe ser realizada por la misma persona, se deberá asignar roles específicos para cada usuario o grupo en el directorio de roles de Microsoft Entra.;alto;refuerzo;confidencialidad,integridad,trazabilidad,autenticidad;manual;;MANUAL;Manual check;manual_check;manual;False;Manual check;ENS;ENS RD 311/2022 - Categoría Alta
azure;The accreditation scheme of the ENS (National Security Scheme) has been developed by the Ministry of Finance and Public Administrations and the CCN (National Cryptological Center). This includes the basic principles and minimum requirements necessary for the adequate protection of information.;;;2026-04-28 01:21:11.393465;op.acc.6.r9.az;Acceso remoto;op.acc.6.r9;operacional;control de acceso;;alto;refuerzo;confidencialidad,integridad,trazabilidad,autenticidad;manual;;MANUAL;Manual check;manual_check;manual;False;Manual check;ENS;ENS RD 311/2022 - Categoría Alta
azure;The accreditation scheme of the ENS (National Security Scheme) has been developed by the Ministry of Finance and Public Administrations and the CCN (National Cryptological Center). This includes the basic principles and minimum requirements necessary for the adequate protection of information.;;;2026-04-28 01:21:11.393465;op.exp8.r2.az.wc.1;Sincronización del reloj del sistema;op.exp.8.r2;operacional;explotación;;alto;refuerzo;trazabilidad;manual;;MANUAL;Manual check;manual_check;manual;False;Manual check;ENS;ENS RD 311/2022 - Categoría Alta
azure;The accreditation scheme of the ENS (National Security Scheme) has been developed by the Ministry of Finance and Public Administrations and the CCN (National Cryptological Center). This includes the basic principles and minimum requirements necessary for the adequate protection of information.;;;2026-04-28 01:21:11.393465;op.exp.10.r1.az.key.1;Algoritmos autorizados;op.exp.10.r1 ;operacional;explotación;Asegurar que los algoritmos utilizados estén aprobados por el CCN;alto;refuerzo;confidencialidad,integridad,trazabilidad,autenticidad,disponibilidad;manual;;MANUAL;Manual check;manual_check;manual;False;Manual check;ENS;ENS RD 311/2022 - Categoría Alta
azure;The accreditation scheme of the ENS (National Security Scheme) has been developed by the Ministry of Finance and Public Administrations and the CCN (National Cryptological Center). This includes the basic principles and minimum requirements necessary for the adequate protection of information.;;;2026-04-28 01:21:11.393465;op.cont.2.az.con.1;Plan de continuidad;op.cont.2 ;operacional;continuidad del servicio;Garantizar la resiliencia y la continuidad a través de planes de recuperación de desastres;alto;requisito;disponibilidad;manual;;MANUAL;Manual check;manual_check;manual;False;Manual check;ENS;ENS RD 311/2022 - Categoría Alta
azure;The accreditation scheme of the ENS (National Security Scheme) has been developed by the Ministry of Finance and Public Administrations and the CCN (National Cryptological Center). This includes the basic principles and minimum requirements necessary for the adequate protection of information.;;;2026-04-28 01:21:11.393465;mp.com.3.r3.az.1;Dispositivos hardware;mp.com.3.r3 ;medidas de protección;protección de las comunicaciones;Protección de los dispositivos de hardware;alto;refuerzo;integridad,autenticidad;manual;;MANUAL;Manual check;manual_check;manual;False;Manual check;ENS;ENS RD 311/2022 - Categoría Alta
azure;The accreditation scheme of the ENS (National Security Scheme) has been developed by the Ministry of Finance and Public Administrations and the CCN (National Cryptological Center). This includes the basic principles and minimum requirements necessary for the adequate protection of information.;;;2026-04-28 01:21:11.393465;mp.com.3.r4.az.1;Productos certificados;mp.com.3.r4 ;medidas de protección;protección de las comunicaciones;Se utilizará productos certificados CPSTIC del CCN.;alto;refuerzo;integridad,autenticidad;manual;;MANUAL;Manual check;manual_check;manual;False;Manual check;ENS;ENS RD 311/2022 - Categoría Alta
azure;The accreditation scheme of the ENS (National Security Scheme) has been developed by the Ministry of Finance and Public Administrations and the CCN (National Cryptological Center). This includes the basic principles and minimum requirements necessary for the adequate protection of information.;;;2026-04-28 01:21:11.393465;mp.info.2.az.1;Calificación de la información;mp.info.2;medidas de protección;protección de la información;Configuración de etiquetas para todos los servicios de Azure;alto;requisito;confidencialidad;manual;;MANUAL;Manual check;manual_check;manual;False;Manual check;ENS;ENS RD 311/2022 - Categoría Alta
azure;The accreditation scheme of the ENS (National Security Scheme) has been developed by the Ministry of Finance and Public Administrations and the CCN (National Cryptological Center). This includes the basic principles and minimum requirements necessary for the adequate protection of information.;;;2026-04-28 01:21:11.393465;mp.info.6.az.1;Copias de seguridad;mp.info.6;medidas de protección;protección de la información;Creación de plan de backup para los servicios de Azure;alto;requisito;disponibilidad;manual;;MANUAL;Manual check;manual_check;manual;False;Manual check;ENS;ENS RD 311/2022 - Categoría Alta
azure;The accreditation scheme of the ENS (National Security Scheme) has been developed by the Ministry of Finance and Public Administrations and the CCN (National Cryptological Center). This includes the basic principles and minimum requirements necessary for the adequate protection of information.;;;2026-04-28 01:21:11.393465;mp.info.6.r1.az.1;Pruebas de recuperación;mp.info.6.r1;medidas de protección;protección de la información;Creación del plan de recuperación para los servicios de Azure;alto;refuerzo;disponibilidad;manual;;MANUAL;Manual check;manual_check;manual;False;Manual check;ENS;ENS RD 311/2022 - Categoría Alta
